"score","method","mrts_k","dataset","quantile","value"
"brier",1,0,1,0.9,0.0474587725227273
"brier",1,0,1,0.91,0.0443341118409091
"brier",1,0,1,0.92,0.0404794923136364
"brier",1,0,1,0.93,0.0350854650409091
"brier",1,0,1,0.94,0.0299027602454545
"brier",1,0,1,0.95,0.0257457986636364
"brier",1,0,1,0.96,0.01836304665
"brier",1,0,1,0.97,0.0138907164772727
"brier",1,0,1,0.98,0.00780252463636364
"brier",1,0,1,0.99,0.00448423984090909
"brier",1,0,1,0.995,0.00308844332272727
"brier",1,0,2,0.9,0.0277669486045455
"brier",1,0,2,0.91,0.0233096016545455
"brier",1,0,2,0.92,0.0198928834590909
"brier",1,0,2,0.93,0.0184362073272727
"brier",1,0,2,0.94,0.0141660496909091
"brier",1,0,2,0.95,0.0112485111454545
"brier",1,0,2,0.96,0.00551454958636364
"brier",1,0,2,0.97,0.00455801969545455
"brier",1,0,2,0.98,0.0020920585
"brier",1,0,2,0.99,0.00264820331818182
"brier",1,0,2,0.995,0.00171278455454545
"brier",1,0,3,0.9,0.0239727602590909
"brier",1,0,3,0.91,0.0209845559090909
"brier",1,0,3,0.92,0.0211054555227273
"brier",1,0,3,0.93,0.0177063073909091
"brier",1,0,3,0.94,0.0156465146318182
"brier",1,0,3,0.95,0.0129814181818182
"brier",1,0,3,0.96,0.00955641987727273
"brier",1,0,3,0.97,0.00581486205
"brier",1,0,3,0.98,0.00242923547272727
"brier",1,0,3,0.99,0.00335794627727273
"brier",1,0,3,0.995,0.00275314845454545
"brier",1,0,4,0.9,0.0186968967090909
"brier",1,0,4,0.91,0.0186553561636364
"brier",1,0,4,0.92,0.0155432015590909
"brier",1,0,4,0.93,0.0136435267818182
"brier",1,0,4,0.94,0.0102767708090909
"brier",1,0,4,0.95,0.00774173508636364
"brier",1,0,4,0.96,0.00591762335
"brier",1,0,4,0.97,0.00694023066818182
"brier",1,0,4,0.98,0.00763475087727273
"brier",1,0,4,0.99,0.00473044905454545
"brier",1,0,4,0.995,0.00208126146818182
"brier",1,0,5,0.9,0.0434944438590909
"brier",1,0,5,0.91,0.0429101519227273
"brier",1,0,5,0.92,0.0413706163863636
"brier",1,0,5,0.93,0.0378190989681818
"brier",1,0,5,0.94,0.0335490311681818
"brier",1,0,5,0.95,0.0302065768227273
"brier",1,0,5,0.96,0.0272442923227273
"brier",1,0,5,0.97,0.0225927876181818
"brier",1,0,5,0.98,0.0174509987318182
"brier",1,0,5,0.99,0.00787164475
"brier",1,0,5,0.995,0.00341034481818182
"brier",1,0,6,0.9,0.0353201798818182
"brier",1,0,6,0.91,0.033827838
"brier",1,0,6,0.92,0.0323175068363636
"brier",1,0,6,0.93,0.0307529100772727
"brier",1,0,6,0.94,0.0272396156772727
"brier",1,0,6,0.95,0.0248803565454545
"brier",1,0,6,0.96,0.0206537422909091
"brier",1,0,6,0.97,0.0158938342545455
"brier",1,0,6,0.98,0.0109919225
"brier",1,0,6,0.99,0.00605748439545455
"brier",1,0,6,0.995,0.00259176629545455
"brier",1,0,7,0.9,0.0223991792409091
"brier",1,0,7,0.91,0.0252709460772727
"brier",1,0,7,0.92,0.0278246250136364
"brier",1,0,7,0.93,0.0259360130727273
"brier",1,0,7,0.94,0.0236134208727273
"brier",1,0,7,0.95,0.0203477481181818
"brier",1,0,7,0.96,0.0169941074863636
"brier",1,0,7,0.97,0.0120613168227273
"brier",1,0,7,0.98,0.00813995415454545
"brier",1,0,7,0.99,0.00557127598636364
"brier",1,0,7,0.995,0.00524496809545455
"brier",1,0,8,0.9,0.0346474086727273
"brier",1,0,8,0.91,0.0310636864863636
"brier",1,0,8,0.92,0.0289476685181818
"brier",1,0,8,0.93,0.0248452077045455
"brier",1,0,8,0.94,0.0242781081136364
"brier",1,0,8,0.95,0.0229315448727273
"brier",1,0,8,0.96,0.0189266745590909
"brier",1,0,8,0.97,0.0159678705363636
"brier",1,0,8,0.98,0.01232252315
"brier",1,0,8,0.99,0.00938883434090909
"brier",1,0,8,0.995,0.00488740002727273
"brier",1,0,9,0.9,0.0248369281272727
"brier",1,0,9,0.91,0.0177289665909091
"brier",1,0,9,0.92,0.0147331684954545
"brier",1,0,9,0.93,0.0116039205681818
"brier",1,0,9,0.94,0.0120349674181818
"brier",1,0,9,0.95,0.00803691368636364
"brier",1,0,9,0.96,0.00537886153636364
"brier",1,0,9,0.97,0.00708890072272727
"brier",1,0,9,0.98,0.00732321987272727
"brier",1,0,9,0.99,0.00666243630909091
"brier",1,0,9,0.995,0.00380077173636364
"brier",1,0,10,0.9,0.0224536891863636
"brier",1,0,10,0.91,0.0220883305136364
"brier",1,0,10,0.92,0.0212738349363636
"brier",1,0,10,0.93,0.0204918736272727
"brier",1,0,10,0.94,0.0195445298681818
"brier",1,0,10,0.95,0.0166924865545455
"brier",1,0,10,0.96,0.0127252744727273
"brier",1,0,10,0.97,0.0104401887818182
"brier",1,0,10,0.98,0.00921320134090909
"brier",1,0,10,0.99,0.00500382002727273
"brier",1,0,10,0.995,0.00358303066818182
"brier",2,0,1,0.9,0.0460412163272727
"brier",2,0,1,0.91,0.0429773982681818
"brier",2,0,1,0.92,0.0387105472272727
"brier",2,0,1,0.93,0.0333870020181818
"brier",2,0,1,0.94,0.0285945102318182
"brier",2,0,1,0.95,0.0249670909409091
"brier",2,0,1,0.96,0.0176969875863636
"brier",2,0,1,0.97,0.0131450421454545
"brier",2,0,1,0.98,0.00734150926818182
"brier",2,0,1,0.99,0.00414626868636364
"brier",2,0,1,0.995,0.00277699113181818
"brier",2,0,2,0.9,0.0277265130818182
"brier",2,0,2,0.91,0.0229936360772727
"brier",2,0,2,0.92,0.0192951160863636
"brier",2,0,2,0.93,0.0179296830772727
"brier",2,0,2,0.94,0.0138762242545455
"brier",2,0,2,0.95,0.0107869670863636
"brier",2,0,2,0.96,0.00554846206818182
"brier",2,0,2,0.97,0.00444514988636364
"brier",2,0,2,0.98,0.00205094142727273
"brier",2,0,2,0.99,0.00284009298181818
"brier",2,0,2,0.995,0.00205964323181818
"brier",2,0,3,0.9,0.0237055927590909
"brier",2,0,3,0.91,0.0207112248318182
"brier",2,0,3,0.92,0.0209682712
"brier",2,0,3,0.93,0.0177529068454545
"brier",2,0,3,0.94,0.0156236139090909
"brier",2,0,3,0.95,0.0126709035863636
"brier",2,0,3,0.96,0.00949469331818182
"brier",2,0,3,0.97,0.00564402355454545
"brier",2,0,3,0.98,0.00221788434090909
"brier",2,0,3,0.99,0.00343385327727273
"brier",2,0,3,0.995,0.00266099082727273
"brier",2,0,4,0.9,0.01850914075
"brier",2,0,4,0.91,0.0186399388045455
"brier",2,0,4,0.92,0.0154746809909091
"brier",2,0,4,0.93,0.0135427938454545
"brier",2,0,4,0.94,0.0104235528181818
"brier",2,0,4,0.95,0.00782420264090909
"brier",2,0,4,0.96,0.00585568026363636
"brier",2,0,4,0.97,0.00694136922272727
"brier",2,0,4,0.98,0.00752730823636364
"brier",2,0,4,0.99,0.00488062285909091
"brier",2,0,4,0.995,0.00249535057727273
"brier",2,0,5,0.9,0.0426624766454545
"brier",2,0,5,0.91,0.0419842394590909
"brier",2,0,5,0.92,0.0403359346272727
"brier",2,0,5,0.93,0.0370616070727273
"brier",2,0,5,0.94,0.0327754604454545
"brier",2,0,5,0.95,0.0294975616818182
"brier",2,0,5,0.96,0.0268646039954545
"brier",2,0,5,0.97,0.0223025159454545
"brier",2,0,5,0.98,0.0171120005045455
"brier",2,0,5,0.99,0.00767053605909091
"brier",2,0,5,0.995,0.00324650928636364
"brier",2,0,6,0.9,0.0352729376090909
"brier",2,0,6,0.91,0.0337933488909091
"brier",2,0,6,0.92,0.0321500390181818
"brier",2,0,6,0.93,0.0307239253272727
"brier",2,0,6,0.94,0.0274883476636364
"brier",2,0,6,0.95,0.0248144604545455
"brier",2,0,6,0.96,0.0204183860045455
"brier",2,0,6,0.97,0.0157927697590909
"brier",2,0,6,0.98,0.0108933224136364
"brier",2,0,6,0.99,0.00608655444090909
"brier",2,0,6,0.995,0.00263335161818182
"brier",2,0,7,0.9,0.0212338681590909
"brier",2,0,7,0.91,0.0242535727636364
"brier",2,0,7,0.92,0.0264912736954545
"brier",2,0,7,0.93,0.0243288484681818
"brier",2,0,7,0.94,0.0223648540227273
"brier",2,0,7,0.95,0.0193899043772727
"brier",2,0,7,0.96,0.0159635352454545
"brier",2,0,7,0.97,0.0108405086409091
"brier",2,0,7,0.98,0.00749047616818182
"brier",2,0,7,0.99,0.0052186582
"brier",2,0,7,0.995,0.00469114235454546
"brier",2,0,8,0.9,0.0340127795772727
"brier",2,0,8,0.91,0.0304950484772727
"brier",2,0,8,0.92,0.02818656475
"brier",2,0,8,0.93,0.0239142731954545
"brier",2,0,8,0.94,0.0228935995681818
"brier",2,0,8,0.95,0.0219477152590909
"brier",2,0,8,0.96,0.0176278813636364
"brier",2,0,8,0.97,0.0147740874954545
"brier",2,0,8,0.98,0.0111472648454545
"brier",2,0,8,0.99,0.00805283465
"brier",2,0,8,0.995,0.00439817494090909
"brier",2,0,9,0.9,0.0236047740454545
"brier",2,0,9,0.91,0.0167639891454545
"brier",2,0,9,0.92,0.0137820691272727
"brier",2,0,9,0.93,0.0106177581181818
"brier",2,0,9,0.94,0.0104606205363636
"brier",2,0,9,0.95,0.00700677103181818
"brier",2,0,9,0.96,0.00497139234545455
"brier",2,0,9,0.97,0.00649058311818182
"brier",2,0,9,0.98,0.00726019889090909
"brier",2,0,9,0.99,0.00645117408181818
"brier",2,0,9,0.995,0.00382534259090909
"brier",2,0,10,0.9,0.021715695
"brier",2,0,10,0.91,0.0213100337454545
"brier",2,0,10,0.92,0.0206726818863636
"brier",2,0,10,0.93,0.0198254669590909
"brier",2,0,10,0.94,0.0188250628590909
"brier",2,0,10,0.95,0.0153583069954545
"brier",2,0,10,0.96,0.0114614538181818
"brier",2,0,10,0.97,0.00960612753181818
"brier",2,0,10,0.98,0.0092166608
"brier",2,0,10,0.99,0.00488744765
"brier",2,0,10,0.995,0.00311161254545455
"brier",3,0,1,0.9,0.0472441491181818
"brier",3,0,1,0.91,0.0438898359363636
"brier",3,0,1,0.92,0.0394014143954545
"brier",3,0,1,0.93,0.0340617068363636
"brier",3,0,1,0.94,0.0290941598772727
"brier",3,0,1,0.95,0.0249268976
"brier",3,0,1,0.96,0.0172294043727273
"brier",3,0,1,0.97,0.0128734786363636
"brier",3,0,1,0.98,0.00736678457272727
"brier",3,0,1,0.99,0.00431895856818182
"brier",3,0,1,0.995,0.00301884119545455
"brier",3,0,2,0.9,0.0272195297045455
"brier",3,0,2,0.91,0.0223528674863636
"brier",3,0,2,0.92,0.0190604611863636
"brier",3,0,2,0.93,0.0179444991045455
"brier",3,0,2,0.94,0.0140151563
"brier",3,0,2,0.95,0.0110460370090909
"brier",3,0,2,0.96,0.00560085470454545
"brier",3,0,2,0.97,0.00458347753181818
"brier",3,0,2,0.98,0.00204290728181818
"brier",3,0,2,0.99,0.00291044873181818
"brier",3,0,2,0.995,0.00205621716818182
"brier",3,0,3,0.9,0.0239479953636364
"brier",3,0,3,0.91,0.0209645547181818
"brier",3,0,3,0.92,0.0211383053681818
"brier",3,0,3,0.93,0.0179799545954545
"brier",3,0,3,0.94,0.0158219564818182
"brier",3,0,3,0.95,0.0129494604181818
"brier",3,0,3,0.96,0.00953567901818182
"brier",3,0,3,0.97,0.00584559161818182
"brier",3,0,3,0.98,0.00226682831818182
"brier",3,0,3,0.99,0.00347531012272727
"brier",3,0,3,0.995,0.00269445578181818
"brier",3,0,4,0.9,0.0186394413454545
"brier",3,0,4,0.91,0.0185278483681818
"brier",3,0,4,0.92,0.0155296365272727
"brier",3,0,4,0.93,0.01367683455
"brier",3,0,4,0.94,0.0102620450818182
"brier",3,0,4,0.95,0.00778891815
"brier",3,0,4,0.96,0.00619282988181818
"brier",3,0,4,0.97,0.00738735375
"brier",3,0,4,0.98,0.00774138956818182
"brier",3,0,4,0.99,0.00514619940909091
"brier",3,0,4,0.995,0.00254152295909091
"brier",3,0,5,0.9,0.0429334470454545
"brier",3,0,5,0.91,0.0422913282227273
"brier",3,0,5,0.92,0.0405159221454545
"brier",3,0,5,0.93,0.0371894699272727
"brier",3,0,5,0.94,0.0328986212363636
"brier",3,0,5,0.95,0.0296178501909091
"brier",3,0,5,0.96,0.0270009737727273
"brier",3,0,5,0.97,0.0224013058727273
"brier",3,0,5,0.98,0.0170720122590909
"brier",3,0,5,0.99,0.00770936501363636
"brier",3,0,5,0.995,0.00328846604090909
"brier",3,0,6,0.9,0.0356196368136364
"brier",3,0,6,0.91,0.0338808064227273
"brier",3,0,6,0.92,0.0319009782772727
"brier",3,0,6,0.93,0.0303265768818182
"brier",3,0,6,0.94,0.0269828217
"brier",3,0,6,0.95,0.0245239683681818
"brier",3,0,6,0.96,0.0202624610818182
"brier",3,0,6,0.97,0.0156637012409091
"brier",3,0,6,0.98,0.0109471872545455
"brier",3,0,6,0.99,0.00609690302272727
"brier",3,0,6,0.995,0.00270055812272727
"brier",3,0,7,0.9,0.0218184077045455
"brier",3,0,7,0.91,0.0246308770090909
"brier",3,0,7,0.92,0.0271089185454545
"brier",3,0,7,0.93,0.0249286874681818
"brier",3,0,7,0.94,0.0228342535727273
"brier",3,0,7,0.95,0.0197581300545455
"brier",3,0,7,0.96,0.01612208585
"brier",3,0,7,0.97,0.0110691545863636
"brier",3,0,7,0.98,0.00760616578181818
"brier",3,0,7,0.99,0.00549782044545455
"brier",3,0,7,0.995,0.00497213722727273
"brier",3,0,8,0.9,0.0346405852909091
"brier",3,0,8,0.91,0.03086740655
"brier",3,0,8,0.92,0.0284019892727273
"brier",3,0,8,0.93,0.0238207966590909
"brier",3,0,8,0.94,0.0229176178954545
"brier",3,0,8,0.95,0.0219999701909091
"brier",3,0,8,0.96,0.0178288551136364
"brier",3,0,8,0.97,0.0150087483
"brier",3,0,8,0.98,0.0114010116772727
"brier",3,0,8,0.99,0.00825200706363636
"brier",3,0,8,0.995,0.00436566555
"brier",3,0,9,0.9,0.0238755839681818
"brier",3,0,9,0.91,0.0169460125
"brier",3,0,9,0.92,0.0139194211681818
"brier",3,0,9,0.93,0.0107709913818182
"brier",3,0,9,0.94,0.0106305858545455
"brier",3,0,9,0.95,0.00708895345909091
"brier",3,0,9,0.96,0.00489464335909091
"brier",3,0,9,0.97,0.00660620778636364
"brier",3,0,9,0.98,0.00733523854090909
"brier",3,0,9,0.99,0.00632915675909091
"brier",3,0,9,0.995,0.00377665409090909
"brier",3,0,10,0.9,0.02201871585
"brier",3,0,10,0.91,0.0214536354863636
"brier",3,0,10,0.92,0.0207949589318182
"brier",3,0,10,0.93,0.0202428443409091
"brier",3,0,10,0.94,0.0190098583181818
"brier",3,0,10,0.95,0.0157094161409091
"brier",3,0,10,0.96,0.0116994423136364
"brier",3,0,10,0.97,0.00954181782272727
"brier",3,0,10,0.98,0.008904841
"brier",3,0,10,0.99,0.00499285734545455
"brier",3,0,10,0.995,0.00321260774090909
"brier",4,0,1,0.9,0.0469391083636364
"brier",4,0,1,0.91,0.0437218726863636
"brier",4,0,1,0.92,0.0396254012272727
"brier",4,0,1,0.93,0.0340435574636364
"brier",4,0,1,0.94,0.0291019765954545
"brier",4,0,1,0.95,0.0252943660681818
"brier",4,0,1,0.96,0.0177059033136364
"brier",4,0,1,0.97,0.0130778550454545
"brier",4,0,1,0.98,0.00737535958181818
"brier",4,0,1,0.99,0.00488787175454545
"brier",4,0,1,0.995,0.00324920441363636
"brier",4,0,2,0.9,0.0271026105954545
"brier",4,0,2,0.91,0.0224192474909091
"brier",4,0,2,0.92,0.0191435102181818
"brier",4,0,2,0.93,0.0179332752
"brier",4,0,2,0.94,0.0140445019954545
"brier",4,0,2,0.95,0.0109868026954545
"brier",4,0,2,0.96,0.00556716781363636
"brier",4,0,2,0.97,0.00458842413181818
"brier",4,0,2,0.98,0.00203211340909091
"brier",4,0,2,0.99,0.00286562582272727
"brier",4,0,2,0.995,0.00197620155
"brier",4,0,3,0.9,0.0241021843409091
"brier",4,0,3,0.91,0.0210442460454545
"brier",4,0,3,0.92,0.0212070922772727
"brier",4,0,3,0.93,0.0179385993727273
"brier",4,0,3,0.94,0.0158375984363636
"brier",4,0,3,0.95,0.0129416533
"brier",4,0,3,0.96,0.00973278833636364
"brier",4,0,3,0.97,0.00592493831818182
"brier",4,0,3,0.98,0.00233932109090909
"brier",4,0,3,0.99,0.00356101940454545
"brier",4,0,3,0.995,0.00273998996818182
"brier",4,0,4,0.9,0.0186094260363636
"brier",4,0,4,0.91,0.0187138337681818
"brier",4,0,4,0.92,0.0157548944954545
"brier",4,0,4,0.93,0.0139788713045455
"brier",4,0,4,0.94,0.0104113654409091
"brier",4,0,4,0.95,0.00782410141363636
"brier",4,0,4,0.96,0.00594938766818182
"brier",4,0,4,0.97,0.00705066628181818
"brier",4,0,4,0.98,0.00746330015
"brier",4,0,4,0.99,0.00493683568181818
"brier",4,0,4,0.995,0.00246065759545455
"brier",4,0,5,0.9,0.0428017759909091
"brier",4,0,5,0.91,0.0421466418636364
"brier",4,0,5,0.92,0.0404799695
"brier",4,0,5,0.93,0.0371689993272727
"brier",4,0,5,0.94,0.0330029559454545
"brier",4,0,5,0.95,0.0297128173
"brier",4,0,5,0.96,0.0269773834545455
"brier",4,0,5,0.97,0.0224308911363636
"brier",4,0,5,0.98,0.0170815164318182
"brier",4,0,5,0.99,0.00766432257727273
"brier",4,0,5,0.995,0.00322303999545455
"brier",4,0,6,0.9,0.0349368421409091
"brier",4,0,6,0.91,0.0333355785954545
"brier",4,0,6,0.92,0.0316228400272727
"brier",4,0,6,0.93,0.0304469456181818
"brier",4,0,6,0.94,0.0272071542272727
"brier",4,0,6,0.95,0.0245794407863636
"brier",4,0,6,0.96,0.0204424173363636
"brier",4,0,6,0.97,0.0157273727454545
"brier",4,0,6,0.98,0.0109980679954545
"brier",4,0,6,0.99,0.00624979467272727
"brier",4,0,6,0.995,0.00275424405454545
"brier",4,0,7,0.9,0.0220402662
"brier",4,0,7,0.91,0.0249270847590909
"brier",4,0,7,0.92,0.0273181826363636
"brier",4,0,7,0.93,0.0253645704636364
"brier",4,0,7,0.94,0.0232234987772727
"brier",4,0,7,0.95,0.0200654708181818
"brier",4,0,7,0.96,0.0163174289227273
"brier",4,0,7,0.97,0.0112257398590909
"brier",4,0,7,0.98,0.00781597278181818
"brier",4,0,7,0.99,0.00555616385454545
"brier",4,0,7,0.995,0.00492408865909091
"brier",4,0,8,0.9,0.0345689937909091
"brier",4,0,8,0.91,0.0307719589409091
"brier",4,0,8,0.92,0.0282489291818182
"brier",4,0,8,0.93,0.0240434513272727
"brier",4,0,8,0.94,0.0229134645181818
"brier",4,0,8,0.95,0.0219551824818182
"brier",4,0,8,0.96,0.0177161373454545
"brier",4,0,8,0.97,0.0152030266590909
"brier",4,0,8,0.98,0.0114858254772727
"brier",4,0,8,0.99,0.00838465062727273
"brier",4,0,8,0.995,0.00453959927272727
"brier",4,0,9,0.9,0.0238480136
"brier",4,0,9,0.91,0.0170017192636364
"brier",4,0,9,0.92,0.0141376648045455
"brier",4,0,9,0.93,0.0111998563090909
"brier",4,0,9,0.94,0.0110790365181818
"brier",4,0,9,0.95,0.00739681368181818
"brier",4,0,9,0.96,0.00527999031818182
"brier",4,0,9,0.97,0.00658999916818182
"brier",4,0,9,0.98,0.00729380450454545
"brier",4,0,9,0.99,0.00626111037272727
"brier",4,0,9,0.995,0.00377983394545455
"brier",4,0,10,0.9,0.0220659453772727
"brier",4,0,10,0.91,0.0216409604409091
"brier",4,0,10,0.92,0.0209871520318182
"brier",4,0,10,0.93,0.0204526196590909
"brier",4,0,10,0.94,0.0193103188727273
"brier",4,0,10,0.95,0.0157184053318182
"brier",4,0,10,0.96,0.0117151921636364
"brier",4,0,10,0.97,0.00971952529090909
"brier",4,0,10,0.98,0.00891995883636364
"brier",4,0,10,0.99,0.00492927404090909
"brier",4,0,10,0.995,0.00316074945909091
"brier",5,0,1,0.9,0.0479423369772727
"brier",5,0,1,0.91,0.04443438635
"brier",5,0,1,0.92,0.0399269351045455
"brier",5,0,1,0.93,0.0343384784545455
"brier",5,0,1,0.94,0.0290170725090909
"brier",5,0,1,0.95,0.0246933876409091
"brier",5,0,1,0.96,0.0174188453545455
"brier",5,0,1,0.97,0.0130041813727273
"brier",5,0,1,0.98,0.00700706123636364
"brier",5,0,1,0.99,0.00403243959545455
"brier",5,0,1,0.995,0.00318914494090909
"brier",5,0,2,0.9,0.0284408187772727
"brier",5,0,2,0.91,0.0229057848590909
"brier",5,0,2,0.92,0.0204154362590909
"brier",5,0,2,0.93,0.0195750308590909
"brier",5,0,2,0.94,0.0151935145590909
"brier",5,0,2,0.95,0.0123662460818182
"brier",5,0,2,0.96,0.00598142945
"brier",5,0,2,0.97,0.00636022010909091
"brier",5,0,2,0.98,0.00279133182727273
"brier",5,0,2,0.99,0.00490663108636364
"brier",5,0,2,0.995,0.00271184559545455
"brier",5,0,3,0.9,0.0247281983090909
"brier",5,0,3,0.91,0.0217418749318182
"brier",5,0,3,0.92,0.0216697386863636
"brier",5,0,3,0.93,0.0181882846454545
"brier",5,0,3,0.94,0.0163716017863636
"brier",5,0,3,0.95,0.0133955884318182
"brier",5,0,3,0.96,0.00996819731818182
"brier",5,0,3,0.97,0.00594875395
"brier",5,0,3,0.98,0.00271897879090909
"brier",5,0,3,0.99,0.00300147788636364
"brier",5,0,3,0.995,0.00283831894090909
"brier",5,0,4,0.9,0.0213066828863636
"brier",5,0,4,0.91,0.0204492079090909
"brier",5,0,4,0.92,0.0173084910863636
"brier",5,0,4,0.93,0.0152230906045455
"brier",5,0,4,0.94,0.0112409726454545
"brier",5,0,4,0.95,0.00865643362727273
"brier",5,0,4,0.96,0.00681980391818182
"brier",5,0,4,0.97,0.00835685930454545
"brier",5,0,4,0.98,0.00966780635454545
"brier",5,0,4,0.99,0.00778360280454545
"brier",5,0,4,0.995,0.00337332302727273
"brier",5,0,5,0.9,0.0431276954272727
"brier",5,0,5,0.91,0.0424446930409091
"brier",5,0,5,0.92,0.0407222226090909
"brier",5,0,5,0.93,0.0376272054954545
"brier",5,0,5,0.94,0.0334109212681818
"brier",5,0,5,0.95,0.0300928690636364
"brier",5,0,5,0.96,0.0273108130227273
"brier",5,0,5,0.97,0.0226938790045455
"brier",5,0,5,0.98,0.0172317533545455
"brier",5,0,5,0.99,0.00779557139545455
"brier",5,0,5,0.995,0.00337592514090909
"brier",5,0,6,0.9,0.03570790045
"brier",5,0,6,0.91,0.0339413003181818
"brier",5,0,6,0.92,0.0319734035318182
"brier",5,0,6,0.93,0.0304949360772727
"brier",5,0,6,0.94,0.0270238081818182
"brier",5,0,6,0.95,0.0245045800454545
"brier",5,0,6,0.96,0.0203381784727273
"brier",5,0,6,0.97,0.0157314557136364
"brier",5,0,6,0.98,0.0110331361772727
"brier",5,0,6,0.99,0.00623645365909091
"brier",5,0,6,0.995,0.00275073982272727
"brier",5,0,7,0.9,0.0242440813818182
"brier",5,0,7,0.91,0.0266738921909091
"brier",5,0,7,0.92,0.0281596924727273
"brier",5,0,7,0.93,0.0264412577954545
"brier",5,0,7,0.94,0.0245252106863636
"brier",5,0,7,0.95,0.0213561887090909
"brier",5,0,7,0.96,0.0178342073909091
"brier",5,0,7,0.97,0.0128050569363636
"brier",5,0,7,0.98,0.0101043231590909
"brier",5,0,7,0.99,0.00702019005909091
"brier",5,0,7,0.995,0.00628609706363636
"brier",5,0,8,0.9,0.0355329431
"brier",5,0,8,0.91,0.0322136213136364
"brier",5,0,8,0.92,0.0297003508863636
"brier",5,0,8,0.93,0.0253472715636364
"brier",5,0,8,0.94,0.0241328031863636
"brier",5,0,8,0.95,0.0231019384954545
"brier",5,0,8,0.96,0.0188874991227273
"brier",5,0,8,0.97,0.0158976786409091
"brier",5,0,8,0.98,0.0120557079181818
"brier",5,0,8,0.99,0.00867492775909091
"brier",5,0,8,0.995,0.00455905893636364
"brier",5,0,9,0.9,0.0270095234409091
"brier",5,0,9,0.91,0.0191349799818182
"brier",5,0,9,0.92,0.0152405393090909
"brier",5,0,9,0.93,0.0118738486590909
"brier",5,0,9,0.94,0.0116176206
"brier",5,0,9,0.95,0.00774406406818182
"brier",5,0,9,0.96,0.00555504113181818
"brier",5,0,9,0.97,0.0092508953
"brier",5,0,9,0.98,0.00976078816818182
"brier",5,0,9,0.99,0.00750000939090909
"brier",5,0,9,0.995,0.00413626101363636
"brier",5,0,10,0.9,0.0225650195
"brier",5,0,10,0.91,0.0218569533090909
"brier",5,0,10,0.92,0.0210727704454545
"brier",5,0,10,0.93,0.0209223103909091
"brier",5,0,10,0.94,0.0197478622954545
"brier",5,0,10,0.95,0.0165045840136364
"brier",5,0,10,0.96,0.0120560927363636
"brier",5,0,10,0.97,0.00929366932727273
"brier",5,0,10,0.98,0.00879729287727273
"brier",5,0,10,0.99,0.00503807226818182
"brier",5,0,10,0.995,0.00315681894090909
"brier",7,0,1,0.9,0.0460779890818182
"brier",7,0,1,0.91,0.0429372198954545
"brier",7,0,1,0.92,0.0386659920636364
"brier",7,0,1,0.93,0.0333634225136364
"brier",7,0,1,0.94,0.0285653800318182
"brier",7,0,1,0.95,0.0249708992181818
"brier",7,0,1,0.96,0.0176986937545455
"brier",7,0,1,0.97,0.0131780935181818
"brier",7,0,1,0.98,0.00734628612727273
"brier",7,0,1,0.99,0.00416532872727273
"brier",7,0,1,0.995,0.00279052927272727
"brier",7,0,2,0.9,0.0276738028863636
"brier",7,0,2,0.91,0.0230259315818182
"brier",7,0,2,0.92,0.01931166425
"brier",7,0,2,0.93,0.0179453776181818
"brier",7,0,2,0.94,0.0138643497636364
"brier",7,0,2,0.95,0.01075191825
"brier",7,0,2,0.96,0.00554645789090909
"brier",7,0,2,0.97,0.00446044843636364
"brier",7,0,2,0.98,0.00203928225909091
"brier",7,0,2,0.99,0.00281650700454545
"brier",7,0,2,0.995,0.00204701310909091
"brier",7,0,3,0.9,0.0237704131590909
"brier",7,0,3,0.91,0.0207406585863636
"brier",7,0,3,0.92,0.0210506600090909
"brier",7,0,3,0.93,0.0178074128090909
"brier",7,0,3,0.94,0.0156847838227273
"brier",7,0,3,0.95,0.0127091107772727
"brier",7,0,3,0.96,0.00949118615909091
"brier",7,0,3,0.97,0.00565310219545455
"brier",7,0,3,0.98,0.00222341553636364
"brier",7,0,3,0.99,0.00342990182727273
"brier",7,0,3,0.995,0.00265953440454545
"brier",7,0,4,0.9,0.0184634150954545
"brier",7,0,4,0.91,0.0186112248136364
"brier",7,0,4,0.92,0.0154702711318182
"brier",7,0,4,0.93,0.0135604585818182
"brier",7,0,4,0.94,0.0104282206272727
"brier",7,0,4,0.95,0.0078227695
"brier",7,0,4,0.96,0.00584201539545455
"brier",7,0,4,0.97,0.00695963231818182
"brier",7,0,4,0.98,0.00742653645
"brier",7,0,4,0.99,0.00487183607272727
"brier",7,0,4,0.995,0.00243206938636364
"brier",7,0,5,0.9,0.0425865029409091
"brier",7,0,5,0.91,0.0419555567181818
"brier",7,0,5,0.92,0.0403199561409091
"brier",7,0,5,0.93,0.0369813207590909
"brier",7,0,5,0.94,0.0327914279909091
"brier",7,0,5,0.95,0.0295284126863636
"brier",7,0,5,0.96,0.0268687306818182
"brier",7,0,5,0.97,0.0223461707772727
"brier",7,0,5,0.98,0.0171247150454545
"brier",7,0,5,0.99,0.00768290247272727
"brier",7,0,5,0.995,0.00324040962272727
"brier",7,0,6,0.9,0.0353440931863636
"brier",7,0,6,0.91,0.0338704556818182
"brier",7,0,6,0.92,0.0322422518454545
"brier",7,0,6,0.93,0.0308205222954545
"brier",7,0,6,0.94,0.0275721276909091
"brier",7,0,6,0.95,0.0248833725045455
"brier",7,0,6,0.96,0.0205484578545455
"brier",7,0,6,0.97,0.0159270809590909
"brier",7,0,6,0.98,0.0110156112090909
"brier",7,0,6,0.99,0.00615160867727273
"brier",7,0,6,0.995,0.00267602555909091
"brier",7,0,7,0.9,0.0212232929818182
"brier",7,0,7,0.91,0.0242093980954545
"brier",7,0,7,0.92,0.0264389091818182
"brier",7,0,7,0.93,0.0242840093545455
"brier",7,0,7,0.94,0.0224141644727273
"brier",7,0,7,0.95,0.0194743456090909
"brier",7,0,7,0.96,0.0160222036727273
"brier",7,0,7,0.97,0.0108368651045455
"brier",7,0,7,0.98,0.00748336501363636
"brier",7,0,7,0.99,0.00522809202727273
"brier",7,0,7,0.995,0.00469505268636364
"brier",7,0,8,0.9,0.03406030565
"brier",7,0,8,0.91,0.0305438406045455
"brier",7,0,8,0.92,0.0281735180590909
"brier",7,0,8,0.93,0.0238723252318182
"brier",7,0,8,0.94,0.0228780307318182
"brier",7,0,8,0.95,0.0219564079090909
"brier",7,0,8,0.96,0.0176397872409091
"brier",7,0,8,0.97,0.0148180802681818
"brier",7,0,8,0.98,0.0111552300954545
"brier",7,0,8,0.99,0.00807381063636364
"brier",7,0,8,0.995,0.00438687908636364
"brier",7,0,9,0.9,0.0235764520409091
"brier",7,0,9,0.91,0.0167109351272727
"brier",7,0,9,0.92,0.0137488934045455
"brier",7,0,9,0.93,0.0106077329409091
"brier",7,0,9,0.94,0.0104050143590909
"brier",7,0,9,0.95,0.00697974547272727
"brier",7,0,9,0.96,0.00497762655
"brier",7,0,9,0.97,0.00648065292272727
"brier",7,0,9,0.98,0.00727180329090909
"brier",7,0,9,0.99,0.00646889693181818
"brier",7,0,9,0.995,0.00382927047727273
"brier",7,0,10,0.9,0.0216747988318182
"brier",7,0,10,0.91,0.0212889832636364
"brier",7,0,10,0.92,0.0206534467954545
"brier",7,0,10,0.93,0.0198709655090909
"brier",7,0,10,0.94,0.0188708274227273
"brier",7,0,10,0.95,0.0153661942454545
"brier",7,0,10,0.96,0.0114957022681818
"brier",7,0,10,0.97,0.00961599032727273
"brier",7,0,10,0.98,0.00923289075
"brier",7,0,10,0.99,0.00489811423636364
"brier",7,0,10,0.995,0.00310356816363636
"brier",8,0,1,0.9,0.0468852820545455
"brier",8,0,1,0.91,0.0436321093181818
"brier",8,0,1,0.92,0.03948352435
"brier",8,0,1,0.93,0.0339854336590909
"brier",8,0,1,0.94,0.0289963980590909
"brier",8,0,1,0.95,0.0250872853318182
"brier",8,0,1,0.96,0.0172377988454545
"brier",8,0,1,0.97,0.0128031795227273
"brier",8,0,1,0.98,0.00735209562272727
"brier",8,0,1,0.99,0.00446912157727273
"brier",8,0,1,0.995,0.00297391868636364
"brier",8,0,2,0.9,0.0273456188954545
"brier",8,0,2,0.91,0.0231171215181818
"brier",8,0,2,0.92,0.0194607983227273
"brier",8,0,2,0.93,0.0180765570545455
"brier",8,0,2,0.94,0.0139801042136364
"brier",8,0,2,0.95,0.0110453887545455
"brier",8,0,2,0.96,0.00584026923181818
"brier",8,0,2,0.97,0.00448342543636364
"brier",8,0,2,0.98,0.0019662864
"brier",8,0,2,0.99,0.00298821950454545
"brier",8,0,2,0.995,0.00202529103636364
"brier",8,0,3,0.9,0.0239179785681818
"brier",8,0,3,0.91,0.0208872107227273
"brier",8,0,3,0.92,0.0210922950909091
"brier",8,0,3,0.93,0.0177434703772727
"brier",8,0,3,0.94,0.0156664212272727
"brier",8,0,3,0.95,0.01290024115
"brier",8,0,3,0.96,0.00962544942272727
"brier",8,0,3,0.97,0.00593775486363636
"brier",8,0,3,0.98,0.00234693682272727
"brier",8,0,3,0.99,0.00357055276818182
"brier",8,0,3,0.995,0.00271017713636364
"brier",8,0,4,0.9,0.0185344521818182
"brier",8,0,4,0.91,0.0186172592909091
"brier",8,0,4,0.92,0.0155985461409091
"brier",8,0,4,0.93,0.0138653916545455
"brier",8,0,4,0.94,0.01032112965
"brier",8,0,4,0.95,0.00776608604090909
"brier",8,0,4,0.96,0.00601102336363636
"brier",8,0,4,0.97,0.00700511884090909
"brier",8,0,4,0.98,0.00751534929545455
"brier",8,0,4,0.99,0.00500392942727273
"brier",8,0,4,0.995,0.00249598896363636
"brier",8,0,5,0.9,0.0427874325590909
"brier",8,0,5,0.91,0.0419773381863636
"brier",8,0,5,0.92,0.0405421518181818
"brier",8,0,5,0.93,0.0373585965727273
"brier",8,0,5,0.94,0.0332357661136364
"brier",8,0,5,0.95,0.0298737634681818
"brier",8,0,5,0.96,0.0269987686090909
"brier",8,0,5,0.97,0.0226737048454545
"brier",8,0,5,0.98,0.0174139555954545
"brier",8,0,5,0.99,0.00774844823636364
"brier",8,0,5,0.995,0.00330150235909091
"brier",8,0,6,0.9,0.0350625827545455
"brier",8,0,6,0.91,0.0334917211318182
"brier",8,0,6,0.92,0.0315191977454545
"brier",8,0,6,0.93,0.0303934455863636
"brier",8,0,6,0.94,0.0271226179136364
"brier",8,0,6,0.95,0.0244965923863636
"brier",8,0,6,0.96,0.0203666045636364
"brier",8,0,6,0.97,0.0157165754227273
"brier",8,0,6,0.98,0.0109562292227273
"brier",8,0,6,0.99,0.0061839381
"brier",8,0,6,0.995,0.00268722081818182
"brier",8,0,7,0.9,0.02184066295
"brier",8,0,7,0.91,0.0246215390181818
"brier",8,0,7,0.92,0.0269844482772727
"brier",8,0,7,0.93,0.0249560566681818
"brier",8,0,7,0.94,0.02305471455
"brier",8,0,7,0.95,0.0199724335136364
"brier",8,0,7,0.96,0.0163932364772727
"brier",8,0,7,0.97,0.0112650508090909
"brier",8,0,7,0.98,0.00786661889545455
"brier",8,0,7,0.99,0.00547422882727273
"brier",8,0,7,0.995,0.00492037120454545
"brier",8,0,8,0.9,0.0346181297272727
"brier",8,0,8,0.91,0.0306337187818182
"brier",8,0,8,0.92,0.0281599583681818
"brier",8,0,8,0.93,0.0240164664181818
"brier",8,0,8,0.94,0.0230615132318182
"brier",8,0,8,0.95,0.0220421678
"brier",8,0,8,0.96,0.0177278841454545
"brier",8,0,8,0.97,0.0151837176
"brier",8,0,8,0.98,0.0115422679136364
"brier",8,0,8,0.99,0.00842708940909091
"brier",8,0,8,0.995,0.00449380663181818
"brier",8,0,9,0.9,0.0237939416409091
"brier",8,0,9,0.91,0.0168888149863636
"brier",8,0,9,0.92,0.0140567152727273
"brier",8,0,9,0.93,0.0109142819363636
"brier",8,0,9,0.94,0.0109091755954545
"brier",8,0,9,0.95,0.00723374800909091
"brier",8,0,9,0.96,0.00502683282272727
"brier",8,0,9,0.97,0.00621133946363636
"brier",8,0,9,0.98,0.00713603204090909
"brier",8,0,9,0.99,0.00644550446363636
"brier",8,0,9,0.995,0.0038283546
"brier",8,0,10,0.9,0.0213333048818182
"brier",8,0,10,0.91,0.0211984668681818
"brier",8,0,10,0.92,0.0206298720545455
"brier",8,0,10,0.93,0.0201467955954545
"brier",8,0,10,0.94,0.0191093118227273
"brier",8,0,10,0.95,0.0155733335681818
"brier",8,0,10,0.96,0.0117207749863636
"brier",8,0,10,0.97,0.00985125239545455
"brier",8,0,10,0.98,0.00935618930909091
"brier",8,0,10,0.99,0.00486185901818182
"brier",8,0,10,0.995,0.00307843245
"quant",1,0,1,0.9,1.35896817252701
"quant",1,0,1,0.91,1.26361824350474
"quant",1,0,1,0.92,1.16364090852207
"quant",1,0,1,0.93,1.05920593237931
"quant",1,0,1,0.94,0.949078530417708
"quant",1,0,1,0.95,0.83285010109565
"quant",1,0,1,0.96,0.707600842069933
"quant",1,0,1,0.97,0.568326019992831
"quant",1,0,1,0.98,0.410267518847208
"quant",1,0,1,0.99,0.215088512281077
"quant",1,0,1,0.995,0.112378491839906
"quant",1,0,2,0.9,1.81735824398013
"quant",1,0,2,0.91,1.72510230571037
"quant",1,0,2,0.92,1.6266745550142
"quant",1,0,2,0.93,1.51921207837871
"quant",1,0,2,0.94,1.40073164810257
"quant",1,0,2,0.95,1.26286335985001
"quant",1,0,2,0.96,1.10240058143672
"quant",1,0,2,0.97,0.914515709668531
"quant",1,0,2,0.98,0.692608410569894
"quant",1,0,2,0.99,0.368880686144733
"quant",1,0,2,0.995,0.189702208527963
"quant",1,0,3,0.9,1.47623757030326
"quant",1,0,3,0.91,1.38639876739045
"quant",1,0,3,0.92,1.29012293273466
"quant",1,0,3,0.93,1.18682197353078
"quant",1,0,3,0.94,1.07529089458269
"quant",1,0,3,0.95,0.956595385005745
"quant",1,0,3,0.96,0.829741981839572
"quant",1,0,3,0.97,0.689511390797909
"quant",1,0,3,0.98,0.521436339579358
"quant",1,0,3,0.99,0.287025674996788
"quant",1,0,3,0.995,0.151331653128912
"quant",1,0,4,0.9,1.9003271486681
"quant",1,0,4,0.91,1.77472032815437
"quant",1,0,4,0.92,1.64147245658056
"quant",1,0,4,0.93,1.4972692857371
"quant",1,0,4,0.94,1.34162076984514
"quant",1,0,4,0.95,1.17159776825729
"quant",1,0,4,0.96,0.986669744669751
"quant",1,0,4,0.97,0.774874190017358
"quant",1,0,4,0.98,0.542621862549732
"quant",1,0,4,0.99,0.287719206042479
"quant",1,0,4,0.995,0.151751586042814
"quant",1,0,5,0.9,1.1596840398906
"quant",1,0,5,0.91,1.06717954865404
"quant",1,0,5,0.92,0.970691972579998
"quant",1,0,5,0.93,0.870383336167036
"quant",1,0,5,0.94,0.766117710850489
"quant",1,0,5,0.95,0.657528534002289
"quant",1,0,5,0.96,0.544238475243218
"quant",1,0,5,0.97,0.424178204067807
"quant",1,0,5,0.98,0.295877294039071
"quant",1,0,5,0.99,0.156869492654057
"quant",1,0,5,0.995,0.0827326358025207
"quant",1,0,6,0.9,1.34998877021652
"quant",1,0,6,0.91,1.24492097086064
"quant",1,0,6,0.92,1.1348431990981
"quant",1,0,6,0.93,1.01913118023834
"quant",1,0,6,0.94,0.897709531804134
"quant",1,0,6,0.95,0.77057350259751
"quant",1,0,6,0.96,0.640857322907985
"quant",1,0,6,0.97,0.502637154710018
"quant",1,0,6,0.98,0.354737977643389
"quant",1,0,6,0.99,0.191201369872869
"quant",1,0,6,0.995,0.10050675837795
"quant",1,0,7,0.9,2.32888954931318
"quant",1,0,7,0.91,2.16828907906958
"quant",1,0,7,0.92,1.99717191290469
"quant",1,0,7,0.93,1.81607557017836
"quant",1,0,7,0.94,1.62422301735021
"quant",1,0,7,0.95,1.42083990373381
"quant",1,0,7,0.96,1.201610438926
"quant",1,0,7,0.97,0.956195252170854
"quant",1,0,7,0.98,0.681158354812737
"quant",1,0,7,0.99,0.370262004691385
"quant",1,0,7,0.995,0.201611363570267
"quant",1,0,8,0.9,1.50707002374504
"quant",1,0,8,0.91,1.40666274339584
"quant",1,0,8,0.92,1.29829397445536
"quant",1,0,8,0.93,1.18313936380749
"quant",1,0,8,0.94,1.06060725861099
"quant",1,0,8,0.95,0.926829197485139
"quant",1,0,8,0.96,0.780161131384471
"quant",1,0,8,0.97,0.619751566271378
"quant",1,0,8,0.98,0.443345432457817
"quant",1,0,8,0.99,0.246737581613938
"quant",1,0,8,0.995,0.138375771962843
"quant",1,0,9,0.9,2.25370391412225
"quant",1,0,9,0.91,2.1494633777216
"quant",1,0,9,0.92,2.03522557157118
"quant",1,0,9,0.93,1.90509261306274
"quant",1,0,9,0.94,1.75356560940709
"quant",1,0,9,0.95,1.57262930997239
"quant",1,0,9,0.96,1.34227112442412
"quant",1,0,9,0.97,1.06083600970639
"quant",1,0,9,0.98,0.746346131149269
"quant",1,0,9,0.99,0.395116215376908
"quant",1,0,9,0.995,0.204988554688795
"quant",1,0,10,0.9,1.80370580625011
"quant",1,0,10,0.91,1.69171868471042
"quant",1,0,10,0.92,1.57621495178425
"quant",1,0,10,0.93,1.45043234860051
"quant",1,0,10,0.94,1.31362446461185
"quant",1,0,10,0.95,1.16356052253923
"quant",1,0,10,0.96,0.999148548049753
"quant",1,0,10,0.97,0.811818262400364
"quant",1,0,10,0.98,0.594937703436722
"quant",1,0,10,0.99,0.332159507270775
"quant",1,0,10,0.995,0.181222247613637
"quant",2,0,1,0.9,1.3584991564632
"quant",2,0,1,0.91,1.26270876687926
"quant",2,0,1,0.92,1.16207858492196
"quant",2,0,1,0.93,1.05687450502116
"quant",2,0,1,0.94,0.947675991989019
"quant",2,0,1,0.95,0.832436087791838
"quant",2,0,1,0.96,0.705537203451214
"quant",2,0,1,0.97,0.566964592861391
"quant",2,0,1,0.98,0.405229988290725
"quant",2,0,1,0.99,0.215209881775102
"quant",2,0,1,0.995,0.112667310438892
"quant",2,0,2,0.9,1.81692270205727
"quant",2,0,2,0.91,1.72444250217354
"quant",2,0,2,0.92,1.6257133606244
"quant",2,0,2,0.93,1.5175079708738
"quant",2,0,2,0.94,1.39829496560633
"quant",2,0,2,0.95,1.26143057118836
"quant",2,0,2,0.96,1.10218859969072
"quant",2,0,2,0.97,0.915103383813539
"quant",2,0,2,0.98,0.692837437373701
"quant",2,0,2,0.99,0.368885186973542
"quant",2,0,2,0.995,0.191652081427303
"quant",2,0,3,0.9,1.47615946980416
"quant",2,0,3,0.91,1.38637502018231
"quant",2,0,3,0.92,1.29034257348347
"quant",2,0,3,0.93,1.18712069410083
"quant",2,0,3,0.94,1.0753077534807
"quant",2,0,3,0.95,0.956190471165585
"quant",2,0,3,0.96,0.829541841699844
"quant",2,0,3,0.97,0.689331650533914
"quant",2,0,3,0.98,0.522014162113218
"quant",2,0,3,0.99,0.286503024424544
"quant",2,0,3,0.995,0.15188411852388
"quant",2,0,4,0.9,1.90050426097648
"quant",2,0,4,0.91,1.77536084284512
"quant",2,0,4,0.92,1.64179567278922
"quant",2,0,4,0.93,1.49766905176756
"quant",2,0,4,0.94,1.34181871429363
"quant",2,0,4,0.95,1.17231745815558
"quant",2,0,4,0.96,0.985745807126277
"quant",2,0,4,0.97,0.774103610790717
"quant",2,0,4,0.98,0.542560959811262
"quant",2,0,4,0.99,0.289195624224202
"quant",2,0,4,0.995,0.153924643912161
"quant",2,0,5,0.9,1.15799920541654
"quant",2,0,5,0.91,1.06569297481077
"quant",2,0,5,0.92,0.96916238056373
"quant",2,0,5,0.93,0.869159794806225
"quant",2,0,5,0.94,0.765194027275862
"quant",2,0,5,0.95,0.656733608523834
"quant",2,0,5,0.96,0.543525574918808
"quant",2,0,5,0.97,0.423769709234327
"quant",2,0,5,0.98,0.295910268621829
"quant",2,0,5,0.99,0.156902943980114
"quant",2,0,5,0.995,0.082197510216748
"quant",2,0,6,0.9,1.34998408730402
"quant",2,0,6,0.91,1.24488513683377
"quant",2,0,6,0.92,1.13527700899349
"quant",2,0,6,0.93,1.01959704495931
"quant",2,0,6,0.94,0.898307424654327
"quant",2,0,6,0.95,0.771562855250607
"quant",2,0,6,0.96,0.641643141711279
"quant",2,0,6,0.97,0.503692873335045
"quant",2,0,6,0.98,0.35661070191259
"quant",2,0,6,0.99,0.19206831190656
"quant",2,0,6,0.995,0.101586563985889
"quant",2,0,7,0.9,2.32627100873839
"quant",2,0,7,0.91,2.16450052862098
"quant",2,0,7,0.92,1.99314329435513
"quant",2,0,7,0.93,1.81221446017443
"quant",2,0,7,0.94,1.62119329706908
"quant",2,0,7,0.95,1.41798476912811
"quant",2,0,7,0.96,1.19906350221733
"quant",2,0,7,0.97,0.954573704666536
"quant",2,0,7,0.98,0.679809744430329
"quant",2,0,7,0.99,0.365529749479614
"quant",2,0,7,0.995,0.194411980175846
"quant",2,0,8,0.9,1.50668691458672
"quant",2,0,8,0.91,1.4068543836936
"quant",2,0,8,0.92,1.29893660976131
"quant",2,0,8,0.93,1.18246604348545
"quant",2,0,8,0.94,1.05862203361146
"quant",2,0,8,0.95,0.923910346599446
"quant",2,0,8,0.96,0.775998076786264
"quant",2,0,8,0.97,0.615185084288924
"quant",2,0,8,0.98,0.438492740221678
"quant",2,0,8,0.99,0.241402844518376
"quant",2,0,8,0.995,0.130711789165083
"quant",2,0,9,0.9,2.25234921085971
"quant",2,0,9,0.91,2.14874237263915
"quant",2,0,9,0.92,2.03336985691148
"quant",2,0,9,0.93,1.90169096909397
"quant",2,0,9,0.94,1.74848389709889
"quant",2,0,9,0.95,1.56827878687958
"quant",2,0,9,0.96,1.34208210068511
"quant",2,0,9,0.97,1.0603873446984
"quant",2,0,9,0.98,0.746464682293849
"quant",2,0,9,0.99,0.394975132064083
"quant",2,0,9,0.995,0.203322706282683
"quant",2,0,10,0.9,1.80242103307192
"quant",2,0,10,0.91,1.6913800695381
"quant",2,0,10,0.92,1.57433237433238
"quant",2,0,10,0.93,1.44856561498399
"quant",2,0,10,0.94,1.31231431693644
"quant",2,0,10,0.95,1.16178162414492
"quant",2,0,10,0.96,0.99648876227303
"quant",2,0,10,0.97,0.8117044658978
"quant",2,0,10,0.98,0.595265381276604
"quant",2,0,10,0.99,0.32653344333358
"quant",2,0,10,0.995,0.174485646167005
"quant",3,0,1,0.9,1.358739237204
"quant",3,0,1,0.91,1.26316039142047
"quant",3,0,1,0.92,1.16261063603198
"quant",3,0,1,0.93,1.05745373802173
"quant",3,0,1,0.94,0.947982614048463
"quant",3,0,1,0.95,0.832742890015259
"quant",3,0,1,0.96,0.705953315692262
"quant",3,0,1,0.97,0.567731338692448
"quant",3,0,1,0.98,0.406436042317997
"quant",3,0,1,0.99,0.216011115591064
"quant",3,0,1,0.995,0.113478679665704
"quant",3,0,2,0.9,1.81672799581944
"quant",3,0,2,0.91,1.72457873305182
"quant",3,0,2,0.92,1.62574677041648
"quant",3,0,2,0.93,1.517909850202
"quant",3,0,2,0.94,1.39904770016092
"quant",3,0,2,0.95,1.26220380268221
"quant",3,0,2,0.96,1.10250220730161
"quant",3,0,2,0.97,0.914726279459794
"quant",3,0,2,0.98,0.692577231041348
"quant",3,0,2,0.99,0.368710019955154
"quant",3,0,2,0.995,0.192400413347541
"quant",3,0,3,0.9,1.47683611795111
"quant",3,0,3,0.91,1.38696234563012
"quant",3,0,3,0.92,1.29096204262943
"quant",3,0,3,0.93,1.18734799935156
"quant",3,0,3,0.94,1.07531281310242
"quant",3,0,3,0.95,0.956339209958957
"quant",3,0,3,0.96,0.829570764716853
"quant",3,0,3,0.97,0.689711343629563
"quant",3,0,3,0.98,0.52207813243746
"quant",3,0,3,0.99,0.287260964849119
"quant",3,0,3,0.995,0.152775809785745
"quant",3,0,4,0.9,1.90026573278437
"quant",3,0,4,0.91,1.77517982994501
"quant",3,0,4,0.92,1.64176087972545
"quant",3,0,4,0.93,1.49784431736932
"quant",3,0,4,0.94,1.34201720442276
"quant",3,0,4,0.95,1.17215323872272
"quant",3,0,4,0.96,0.986900405489744
"quant",3,0,4,0.97,0.7762409972802
"quant",3,0,4,0.98,0.543811418790615
"quant",3,0,4,0.99,0.290359975680072
"quant",3,0,4,0.995,0.155394306964217
"quant",3,0,5,0.9,1.1582510203781
"quant",3,0,5,0.91,1.06600095466354
"quant",3,0,5,0.92,0.969594284623966
"quant",3,0,5,0.93,0.869643277603095
"quant",3,0,5,0.94,0.765625625398381
"quant",3,0,5,0.95,0.657097702477423
"quant",3,0,5,0.96,0.543803161770802
"quant",3,0,5,0.97,0.42376478452407
"quant",3,0,5,0.98,0.295740829832037
"quant",3,0,5,0.99,0.156704517090345
"quant",3,0,5,0.995,0.082385571449299
"quant",3,0,6,0.9,1.35005160159489
"quant",3,0,6,0.91,1.24479448010084
"quant",3,0,6,0.92,1.13513577785059
"quant",3,0,6,0.93,1.01973127195453
"quant",3,0,6,0.94,0.898318917498602
"quant",3,0,6,0.95,0.772412080456363
"quant",3,0,6,0.96,0.642418829277492
"quant",3,0,6,0.97,0.504437398839704
"quant",3,0,6,0.98,0.357301465296412
"quant",3,0,6,0.99,0.192197493532247
"quant",3,0,6,0.995,0.102174349824087
"quant",3,0,7,0.9,2.32661525619187
"quant",3,0,7,0.91,2.16538206114405
"quant",3,0,7,0.92,1.99377011894005
"quant",3,0,7,0.93,1.81317333243993
"quant",3,0,7,0.94,1.62225749259936
"quant",3,0,7,0.95,1.41945782848375
"quant",3,0,7,0.96,1.20087620110832
"quant",3,0,7,0.97,0.956436758450441
"quant",3,0,7,0.98,0.682196031396058
"quant",3,0,7,0.99,0.368457933121218
"quant",3,0,7,0.995,0.194864137381808
"quant",3,0,8,0.9,1.50718682096905
"quant",3,0,8,0.91,1.40718364142183
"quant",3,0,8,0.92,1.29876808064961
"quant",3,0,8,0.93,1.18239982576098
"quant",3,0,8,0.94,1.05935964116081
"quant",3,0,8,0.95,0.92442579514596
"quant",3,0,8,0.96,0.776765570344345
"quant",3,0,8,0.97,0.616040645220206
"quant",3,0,8,0.98,0.439375664960285
"quant",3,0,8,0.99,0.241648392040997
"quant",3,0,8,0.995,0.131391068800472
"quant",3,0,9,0.9,2.25216570375017
"quant",3,0,9,0.91,2.14936830120919
"quant",3,0,9,0.92,2.03387823170313
"quant",3,0,9,0.93,1.90226974931254
"quant",3,0,9,0.94,1.74945620728173
"quant",3,0,9,0.95,1.5688920339084
"quant",3,0,9,0.96,1.34265450737572
"quant",3,0,9,0.97,1.06014413138981
"quant",3,0,9,0.98,0.747104926243629
"quant",3,0,9,0.99,0.395295949576785
"quant",3,0,9,0.995,0.203606002625297
"quant",3,0,10,0.9,1.80308650519093
"quant",3,0,10,0.91,1.69149282682307
"quant",3,0,10,0.92,1.57523809633945
"quant",3,0,10,0.93,1.44937727979362
"quant",3,0,10,0.94,1.3126068810272
"quant",3,0,10,0.95,1.16142812301023
"quant",3,0,10,0.96,0.995144915663844
"quant",3,0,10,0.97,0.810637020042038
"quant",3,0,10,0.98,0.593706755990156
"quant",3,0,10,0.99,0.327013549043978
"quant",3,0,10,0.995,0.175505028001757
"quant",4,0,1,0.9,1.35895810563486
"quant",4,0,1,0.91,1.26331796661851
"quant",4,0,1,0.92,1.16290558833792
"quant",4,0,1,0.93,1.05730032716425
"quant",4,0,1,0.94,0.947471114133227
"quant",4,0,1,0.95,0.832503540050927
"quant",4,0,1,0.96,0.705616890554179
"quant",4,0,1,0.97,0.56752226686496
"quant",4,0,1,0.98,0.406117927503264
"quant",4,0,1,0.99,0.215611170528847
"quant",4,0,1,0.995,0.113104672392559
"quant",4,0,2,0.9,1.81671122979968
"quant",4,0,2,0.91,1.72464023178158
"quant",4,0,2,0.92,1.62583904003683
"quant",4,0,2,0.93,1.51810191896402
"quant",4,0,2,0.94,1.39952208636956
"quant",4,0,2,0.95,1.26193877875482
"quant",4,0,2,0.96,1.10315232601065
"quant",4,0,2,0.97,0.914867830714917
"quant",4,0,2,0.98,0.692702438746784
"quant",4,0,2,0.99,0.368984418516203
"quant",4,0,2,0.995,0.191894146427536
"quant",4,0,3,0.9,1.47660446163385
"quant",4,0,3,0.91,1.38701035759678
"quant",4,0,3,0.92,1.29063995745259
"quant",4,0,3,0.93,1.18716660282328
"quant",4,0,3,0.94,1.07536786745203
"quant",4,0,3,0.95,0.956591806980878
"quant",4,0,3,0.96,0.829893369364685
"quant",4,0,3,0.97,0.689892978896801
"quant",4,0,3,0.98,0.521894481226492
"quant",4,0,3,0.99,0.28760908062522
"quant",4,0,3,0.995,0.152927917408952
"quant",4,0,4,0.9,1.90074758763789
"quant",4,0,4,0.91,1.775445233158
"quant",4,0,4,0.92,1.64174106308605
"quant",4,0,4,0.93,1.49803995719663
"quant",4,0,4,0.94,1.34222968713847
"quant",4,0,4,0.95,1.1720040173902
"quant",4,0,4,0.96,0.986285469246196
"quant",4,0,4,0.97,0.774777259583424
"quant",4,0,4,0.98,0.5427372589048
"quant",4,0,4,0.99,0.289220130499968
"quant",4,0,4,0.995,0.153955358117559
"quant",4,0,5,0.9,1.15893613598113
"quant",4,0,5,0.91,1.06666447427832
"quant",4,0,5,0.92,0.970188270105928
"quant",4,0,5,0.93,0.870039538922624
"quant",4,0,5,0.94,0.765866132641691
"quant",4,0,5,0.95,0.657352005128244
"quant",4,0,5,0.96,0.544333310532359
"quant",4,0,5,0.97,0.424246179586652
"quant",4,0,5,0.98,0.296212756589738
"quant",4,0,5,0.99,0.157002360501619
"quant",4,0,5,0.995,0.0828411593799601
"quant",4,0,6,0.9,1.35067049580725
"quant",4,0,6,0.91,1.24569956128246
"quant",4,0,6,0.92,1.13573414206332
"quant",4,0,6,0.93,1.02021060436844
"quant",4,0,6,0.94,0.898925072560824
"quant",4,0,6,0.95,0.772200630105001
"quant",4,0,6,0.96,0.642127960543862
"quant",4,0,6,0.97,0.504392942791
"quant",4,0,6,0.98,0.357489698121128
"quant",4,0,6,0.99,0.192106180005521
"quant",4,0,6,0.995,0.102720184752039
"quant",4,0,7,0.9,2.32721384984247
"quant",4,0,7,0.91,2.16560617960756
"quant",4,0,7,0.92,1.99430169511627
"quant",4,0,7,0.93,1.81381782553242
"quant",4,0,7,0.94,1.62268555440878
"quant",4,0,7,0.95,1.42012533756032
"quant",4,0,7,0.96,1.20225080074623
"quant",4,0,7,0.97,0.95783443724012
"quant",4,0,7,0.98,0.683220898201146
"quant",4,0,7,0.99,0.369480480346052
"quant",4,0,7,0.995,0.196828676290323
"quant",4,0,8,0.9,1.50846978678654
"quant",4,0,8,0.91,1.4078019877153
"quant",4,0,8,0.92,1.29967680482053
"quant",4,0,8,0.93,1.18299051029674
"quant",4,0,8,0.94,1.05853414553003
"quant",4,0,8,0.95,0.923783019872762
"quant",4,0,8,0.96,0.776261301466658
"quant",4,0,8,0.97,0.615667130300564
"quant",4,0,8,0.98,0.438307938343765
"quant",4,0,8,0.99,0.240348593482372
"quant",4,0,8,0.995,0.130863046906009
"quant",4,0,9,0.9,2.24975739943471
"quant",4,0,9,0.91,2.14712773166789
"quant",4,0,9,0.92,2.03301804936023
"quant",4,0,9,0.93,1.90273545491484
"quant",4,0,9,0.94,1.74958136877632
"quant",4,0,9,0.95,1.56894384805789
"quant",4,0,9,0.96,1.35049308177243
"quant",4,0,9,0.97,1.06010639509098
"quant",4,0,9,0.98,0.745086946417117
"quant",4,0,9,0.99,0.395340597953756
"quant",4,0,9,0.995,0.203997757802015
"quant",4,0,10,0.9,1.8040614203337
"quant",4,0,10,0.91,1.69251863394069
"quant",4,0,10,0.92,1.57587995160184
"quant",4,0,10,0.93,1.45024020240811
"quant",4,0,10,0.94,1.31326376481122
"quant",4,0,10,0.95,1.16197313997117
"quant",4,0,10,0.96,0.995636024957172
"quant",4,0,10,0.97,0.810039413867674
"quant",4,0,10,0.98,0.594010532100686
"quant",4,0,10,0.99,0.325551661507947
"quant",4,0,10,0.995,0.1753653764004
"quant",5,0,1,0.9,1.35956323562133
"quant",5,0,1,0.91,1.26394567853515
"quant",5,0,1,0.92,1.16354580716821
"quant",5,0,1,0.93,1.05823458993845
"quant",5,0,1,0.94,0.947543615808699
"quant",5,0,1,0.95,0.832498260153104
"quant",5,0,1,0.96,0.706470973544919
"quant",5,0,1,0.97,0.567860886529793
"quant",5,0,1,0.98,0.40353349753006
"quant",5,0,1,0.99,0.215824686810956
"quant",5,0,1,0.995,0.115161511318635
"quant",5,0,2,0.9,1.81786708501154
"quant",5,0,2,0.91,1.72508749208883
"quant",5,0,2,0.92,1.62602296430437
"quant",5,0,2,0.93,1.51843427644989
"quant",5,0,2,0.94,1.40029681263724
"quant",5,0,2,0.95,1.26459729793555
"quant",5,0,2,0.96,1.10611273168497
"quant",5,0,2,0.97,0.922703522821015
"quant",5,0,2,0.98,0.696991489107224
"quant",5,0,2,0.99,0.374845729366569
"quant",5,0,2,0.995,0.195159898243065
"quant",5,0,3,0.9,1.47684283979475
"quant",5,0,3,0.91,1.38755945722587
"quant",5,0,3,0.92,1.29144873586811
"quant",5,0,3,0.93,1.18722452770392
"quant",5,0,3,0.94,1.0758154826215
"quant",5,0,3,0.95,0.956613737785221
"quant",5,0,3,0.96,0.830375651443446
"quant",5,0,3,0.97,0.689467391966712
"quant",5,0,3,0.98,0.522412259275427
"quant",5,0,3,0.99,0.287287189895001
"quant",5,0,3,0.995,0.152275196702297
"quant",5,0,4,0.9,1.90141527450942
"quant",5,0,4,0.91,1.77645257050263
"quant",5,0,4,0.92,1.64356483214417
"quant",5,0,4,0.93,1.50066329713714
"quant",5,0,4,0.94,1.3460560149656
"quant",5,0,4,0.95,1.17424054407281
"quant",5,0,4,0.96,0.989805625266266
"quant",5,0,4,0.97,0.781302991870372
"quant",5,0,4,0.98,0.550659599523578
"quant",5,0,4,0.99,0.296684200344682
"quant",5,0,4,0.995,0.161058096447404
"quant",5,0,5,0.9,1.15838455784527
"quant",5,0,5,0.91,1.06629098543157
"quant",5,0,5,0.92,0.970016426051921
"quant",5,0,5,0.93,0.86996061304065
"quant",5,0,5,0.94,0.765793957213657
"quant",5,0,5,0.95,0.657564961555331
"quant",5,0,5,0.96,0.544474241572265
"quant",5,0,5,0.97,0.424544000011034
"quant",5,0,5,0.98,0.296345042100153
"quant",5,0,5,0.99,0.157079881700022
"quant",5,0,5,0.995,0.0829997916534613
"quant",5,0,6,0.9,1.34991222004197
"quant",5,0,6,0.91,1.2449438689608
"quant",5,0,6,0.92,1.13535477304474
"quant",5,0,6,0.93,1.0199863731201
"quant",5,0,6,0.94,0.898783173124159
"quant",5,0,6,0.95,0.772376755711245
"quant",5,0,6,0.96,0.642248107215638
"quant",5,0,6,0.97,0.504436442825608
"quant",5,0,6,0.98,0.357234930805216
"quant",5,0,6,0.99,0.19221893697859
"quant",5,0,6,0.995,0.102533507475733
"quant",5,0,7,0.9,2.32536506518968
"quant",5,0,7,0.91,2.16371612398582
"quant",5,0,7,0.92,1.99422031223889
"quant",5,0,7,0.93,1.81516752970006
"quant",5,0,7,0.94,1.62334752229839
"quant",5,0,7,0.95,1.42078758953351
"quant",5,0,7,0.96,1.20368288329928
"quant",5,0,7,0.97,0.959847275227252
"quant",5,0,7,0.98,0.687473846569726
"quant",5,0,7,0.99,0.3839239080947
"quant",5,0,7,0.995,0.215796755880735
"quant",5,0,8,0.9,1.50933282770208
"quant",5,0,8,0.91,1.40940436363118
"quant",5,0,8,0.92,1.30134895688511
"quant",5,0,8,0.93,1.18507047134967
"quant",5,0,8,0.94,1.06081148394562
"quant",5,0,8,0.95,0.92562351111937
"quant",5,0,8,0.96,0.777525267211586
"quant",5,0,8,0.97,0.617310619793006
"quant",5,0,8,0.98,0.444100649973501
"quant",5,0,8,0.99,0.247655115589871
"quant",5,0,8,0.995,0.133269885519271
"quant",5,0,9,0.9,2.25409125492745
"quant",5,0,9,0.91,2.15134332561703
"quant",5,0,9,0.92,2.03600261227542
"quant",5,0,9,0.93,1.90508015774643
"quant",5,0,9,0.94,1.74988363081516
"quant",5,0,9,0.95,1.56945135229684
"quant",5,0,9,0.96,1.34837212967395
"quant",5,0,9,0.97,1.06521613469059
"quant",5,0,9,0.98,0.748315502789747
"quant",5,0,9,0.99,0.40256497193413
"quant",5,0,9,0.995,0.218514803162094
"quant",5,0,10,0.9,1.80474481337297
"quant",5,0,10,0.91,1.69342338426445
"quant",5,0,10,0.92,1.57676795711036
"quant",5,0,10,0.93,1.45102728724024
"quant",5,0,10,0.94,1.31359456480375
"quant",5,0,10,0.95,1.16122074107253
"quant",5,0,10,0.96,0.993030272385023
"quant",5,0,10,0.97,0.809398801411621
"quant",5,0,10,0.98,0.590903079622455
"quant",5,0,10,0.99,0.325667761604805
"quant",5,0,10,0.995,0.175579293741353
"quant",7,0,1,0.9,1.35847626371245
"quant",7,0,1,0.91,1.26269743110047
"quant",7,0,1,0.92,1.16207114574645
"quant",7,0,1,0.93,1.05680272858012
"quant",7,0,1,0.94,0.947589363553611
"quant",7,0,1,0.95,0.832429838718546
"quant",7,0,1,0.96,0.705527235229452
"quant",7,0,1,0.97,0.566957630566751
"quant",7,0,1,0.98,0.405262598258973
"quant",7,0,1,0.99,0.215254244046944
"quant",7,0,1,0.995,0.112692545967073
"quant",7,0,2,0.9,1.81696080149978
"quant",7,0,2,0.91,1.72450168916372
"quant",7,0,2,0.92,1.62575859196271
"quant",7,0,2,0.93,1.51758989057195
"quant",7,0,2,0.94,1.39830900665354
"quant",7,0,2,0.95,1.26129686190845
"quant",7,0,2,0.96,1.10220745535433
"quant",7,0,2,0.97,0.915105102755869
"quant",7,0,2,0.98,0.692731803935443
"quant",7,0,2,0.99,0.368983494443577
"quant",7,0,2,0.995,0.191348777213527
"quant",7,0,3,0.9,1.47618799440374
"quant",7,0,3,0.91,1.38647147943504
"quant",7,0,3,0.92,1.29038737997368
"quant",7,0,3,0.93,1.1871981318967
"quant",7,0,3,0.94,1.07522178553074
"quant",7,0,3,0.95,0.956138309168155
"quant",7,0,3,0.96,0.829540319913515
"quant",7,0,3,0.97,0.689425258706342
"quant",7,0,3,0.98,0.52197206048043
"quant",7,0,3,0.99,0.286516144416119
"quant",7,0,3,0.995,0.151983406440635
"quant",7,0,4,0.9,1.9004661556559
"quant",7,0,4,0.91,1.77530977107123
"quant",7,0,4,0.92,1.64178231479266
"quant",7,0,4,0.93,1.49771920440607
"quant",7,0,4,0.94,1.34187785936919
"quant",7,0,4,0.95,1.1723689965024
"quant",7,0,4,0.96,0.985742876515554
"quant",7,0,4,0.97,0.77423738680627
"quant",7,0,4,0.98,0.542479958883385
"quant",7,0,4,0.99,0.288829354862981
"quant",7,0,4,0.995,0.153391571497266
"quant",7,0,5,0.9,1.15797722372171
"quant",7,0,5,0.91,1.06572634367579
"quant",7,0,5,0.92,0.969144850362594
"quant",7,0,5,0.93,0.869121921837377
"quant",7,0,5,0.94,0.765165696852015
"quant",7,0,5,0.95,0.656730591045938
"quant",7,0,5,0.96,0.543565119673751
"quant",7,0,5,0.97,0.423784764688879
"quant",7,0,5,0.98,0.295865974165278
"quant",7,0,5,0.99,0.156795085802084
"quant",7,0,5,0.995,0.0822457643179538
"quant",7,0,6,0.9,1.34986293546647
"quant",7,0,6,0.91,1.24483609854353
"quant",7,0,6,0.92,1.13532279342351
"quant",7,0,6,0.93,1.01963008304957
"quant",7,0,6,0.94,0.898371288998818
"quant",7,0,6,0.95,0.7718243848514
"quant",7,0,6,0.96,0.642006134196377
"quant",7,0,6,0.97,0.504166438135781
"quant",7,0,6,0.98,0.357158094354271
"quant",7,0,6,0.99,0.192287960228286
"quant",7,0,6,0.995,0.101990476812809
"quant",7,0,7,0.9,2.32629146266561
"quant",7,0,7,0.91,2.16423149605744
"quant",7,0,7,0.92,1.99298688327296
"quant",7,0,7,0.93,1.81217040513372
"quant",7,0,7,0.94,1.62112557420495
"quant",7,0,7,0.95,1.41815274938786
"quant",7,0,7,0.96,1.19918820890551
"quant",7,0,7,0.97,0.954696000385976
"quant",7,0,7,0.98,0.680090961978837
"quant",7,0,7,0.99,0.365520697260626
"quant",7,0,7,0.995,0.194460658535419
"quant",7,0,8,0.9,1.5068103385335
"quant",7,0,8,0.91,1.40691121499249
"quant",7,0,8,0.92,1.29907656842325
"quant",7,0,8,0.93,1.18276284138167
"quant",7,0,8,0.94,1.0590200404326
"quant",7,0,8,0.95,0.92435424652559
"quant",7,0,8,0.96,0.776410207444168
"quant",7,0,8,0.97,0.61560375698093
"quant",7,0,8,0.98,0.438808099400002
"quant",7,0,8,0.99,0.241922495509789
"quant",7,0,8,0.995,0.130599389419775
"quant",7,0,9,0.9,2.25226939962106
"quant",7,0,9,0.91,2.14865184116658
"quant",7,0,9,0.92,2.03324447317931
"quant",7,0,9,0.93,1.90148891951643
"quant",7,0,9,0.94,1.74832575710964
"quant",7,0,9,0.95,1.56820284435208
"quant",7,0,9,0.96,1.34279194098415
"quant",7,0,9,0.97,1.06026427198632
"quant",7,0,9,0.98,0.746651305121134
"quant",7,0,9,0.99,0.395094788791946
"quant",7,0,9,0.995,0.203376600522884
"quant",7,0,10,0.9,1.80230832184491
"quant",7,0,10,0.91,1.69138125720375
"quant",7,0,10,0.92,1.57422178493324
"quant",7,0,10,0.93,1.44854980177952
"quant",7,0,10,0.94,1.31216653266323
"quant",7,0,10,0.95,1.16168641470819
"quant",7,0,10,0.96,0.996364260220233
"quant",7,0,10,0.97,0.811692015388923
"quant",7,0,10,0.98,0.595595658391903
"quant",7,0,10,0.99,0.326421420018871
"quant",7,0,10,0.995,0.174186246695397
"quant",8,0,1,0.9,1.35885066292772
"quant",8,0,1,0.91,1.26318239346828
"quant",8,0,1,0.92,1.1628807424765
"quant",8,0,1,0.93,1.05729684538692
"quant",8,0,1,0.94,0.947493071708843
"quant",8,0,1,0.95,0.832174811055746
"quant",8,0,1,0.96,0.70564886153232
"quant",8,0,1,0.97,0.567124762918243
"quant",8,0,1,0.98,0.405007374782722
"quant",8,0,1,0.99,0.215028114564115
"quant",8,0,1,0.995,0.113259606540303
"quant",8,0,2,0.9,1.81740761796406
"quant",8,0,2,0.91,1.72517451220029
"quant",8,0,2,0.92,1.62640505618264
"quant",8,0,2,0.93,1.51859599043127
"quant",8,0,2,0.94,1.39983290185549
"quant",8,0,2,0.95,1.26285866063244
"quant",8,0,2,0.96,1.10282469203968
"quant",8,0,2,0.97,0.914338611721881
"quant",8,0,2,0.98,0.692639820874422
"quant",8,0,2,0.99,0.36957448580272
"quant",8,0,2,0.995,0.191814287267588
"quant",8,0,3,0.9,1.47622898751741
"quant",8,0,3,0.91,1.38648749468892
"quant",8,0,3,0.92,1.2900854126451
"quant",8,0,3,0.93,1.18697181459232
"quant",8,0,3,0.94,1.07532594655608
"quant",8,0,3,0.95,0.956584487968414
"quant",8,0,3,0.96,0.829952092825717
"quant",8,0,3,0.97,0.689726054602783
"quant",8,0,3,0.98,0.521878963257383
"quant",8,0,3,0.99,0.288161040309792
"quant",8,0,3,0.995,0.152709743898706
"quant",8,0,4,0.9,1.90041087193147
"quant",8,0,4,0.91,1.77481671910184
"quant",8,0,4,0.92,1.64159070319597
"quant",8,0,4,0.93,1.49752384276381
"quant",8,0,4,0.94,1.34145994419501
"quant",8,0,4,0.95,1.17191961751667
"quant",8,0,4,0.96,0.986283144089676
"quant",8,0,4,0.97,0.774747864462025
"quant",8,0,4,0.98,0.542826250579984
"quant",8,0,4,0.99,0.289353173934858
"quant",8,0,4,0.995,0.154407163461859
"quant",8,0,5,0.9,1.15793208878237
"quant",8,0,5,0.91,1.06581663456835
"quant",8,0,5,0.92,0.969281141973143
"quant",8,0,5,0.93,0.868971896980012
"quant",8,0,5,0.94,0.765089414956137
"quant",8,0,5,0.95,0.656621351901496
"quant",8,0,5,0.96,0.543622896337668
"quant",8,0,5,0.97,0.423700308038298
"quant",8,0,5,0.98,0.295306224071406
"quant",8,0,5,0.99,0.156669187854823
"quant",8,0,5,0.995,0.0828868135872629
"quant",8,0,6,0.9,1.35049710663922
"quant",8,0,6,0.91,1.24513816596194
"quant",8,0,6,0.92,1.13533035320228
"quant",8,0,6,0.93,1.01999902012444
"quant",8,0,6,0.94,0.898725043843677
"quant",8,0,6,0.95,0.772009849608043
"quant",8,0,6,0.96,0.642083295481532
"quant",8,0,6,0.97,0.504735535427339
"quant",8,0,6,0.98,0.35776839164971
"quant",8,0,6,0.99,0.192460832404225
"quant",8,0,6,0.995,0.102427475074565
"quant",8,0,7,0.9,2.32643624460232
"quant",8,0,7,0.91,2.16537543505731
"quant",8,0,7,0.92,1.99436842266883
"quant",8,0,7,0.93,1.81351957554184
"quant",8,0,7,0.94,1.62261098723918
"quant",8,0,7,0.95,1.41954650787595
"quant",8,0,7,0.96,1.20123033660184
"quant",8,0,7,0.97,0.956841396711985
"quant",8,0,7,0.98,0.683507961933296
"quant",8,0,7,0.99,0.371037750534194
"quant",8,0,7,0.995,0.197577289882812
"quant",8,0,8,0.9,1.50623101130885
"quant",8,0,8,0.91,1.40594447283495
"quant",8,0,8,0.92,1.29807324526626
"quant",8,0,8,0.93,1.18190839285353
"quant",8,0,8,0.94,1.05804417813584
"quant",8,0,8,0.95,0.924067178121063
"quant",8,0,8,0.96,0.77676801572133
"quant",8,0,8,0.97,0.616375044171376
"quant",8,0,8,0.98,0.439134227865799
"quant",8,0,8,0.99,0.241402315843013
"quant",8,0,8,0.995,0.130919029775999
"quant",8,0,9,0.9,2.25205304440829
"quant",8,0,9,0.91,2.14968481469334
"quant",8,0,9,0.92,2.03435866644683
"quant",8,0,9,0.93,1.90253194232822
"quant",8,0,9,0.94,1.75011837789448
"quant",8,0,9,0.95,1.56956351958866
"quant",8,0,9,0.96,1.34512507458247
"quant",8,0,9,0.97,1.05842349840684
"quant",8,0,9,0.98,0.746203881145875
"quant",8,0,9,0.99,0.39572139151031
"quant",8,0,9,0.995,0.204137075892291
"quant",8,0,10,0.9,1.80231714950774
"quant",8,0,10,0.91,1.69088867952761
"quant",8,0,10,0.92,1.57397765495949
"quant",8,0,10,0.93,1.44788400819105
"quant",8,0,10,0.94,1.31201679809901
"quant",8,0,10,0.95,1.1611860748002
"quant",8,0,10,0.96,0.995864667909688
"quant",8,0,10,0.97,0.811223315176833
"quant",8,0,10,0.98,0.595414924493381
"quant",8,0,10,0.99,0.327602897065049
"quant",8,0,10,0.995,0.175197498981421
