"setting","surf_type","set","K","mse","rel","rec.rmse"
1,"invariant",1,96,25.3547233997603,1.01021328974043,7.04161216912104
1,"invariant",2,96,7.88512778068433,0.347509038102373,5.27534090130475
1,"invariant",3,96,10.577544646001,0.492059999232983,5.35320895393873
1,"invariant",4,96,33.2778950897321,1.22866762813476,7.20928775867308
1,"invariant",5,96,9.14334218210066,0.392230157548969,5.16769424334718
1,"invariant",6,96,20.6420865393374,0.763173463161061,6.47588387745387
1,"invariant",7,96,24.8281430469107,0.831689965806653,6.29262624177154
1,"invariant",8,96,7.178340044142,0.329887065010843,5.10035724870075
1,"invariant",9,96,11.1266537063856,0.427969938480823,5.41688158279498
1,"invariant",10,96,20.9050261333591,0.897817835302877,6.73092640068159
2,"varying",1,96,10.4870941953595,0.550095092249947,4.27216189378058
2,"varying",2,96,25.6810477509874,1.15312606543247,6.81904812842416
2,"varying",3,96,15.9555214894347,0.882089095289635,5.09410686215273
2,"varying",4,96,31.7633872175167,1.49928300950122,6.03241956147461
2,"varying",5,96,12.0785203986895,0.791240524090972,4.77807412409665
2,"varying",6,96,7.17509156472615,0.511093766486587,4.21252648456133
2,"varying",7,96,20.8685624947684,1.04141094093995,4.98030743095055
2,"varying",8,96,16.4552045089467,0.974932855826372,5.20751738725334
2,"varying",9,96,16.0600500995421,0.852717535242814,5.05654032875536
2,"varying",10,96,11.4013911762034,0.767843706298136,4.75239167743196
3,"ns_dependence",1,96,24.998576133891,1.28016894754502,5.95120114057815
3,"ns_dependence",2,96,21.1687835131649,1.06175100176661,4.85170805151396
3,"ns_dependence",3,96,12.3955963827543,0.759853058287291,5.46146632143031
3,"ns_dependence",4,96,14.3241514641381,0.884719713634974,5.5174670308998
3,"ns_dependence",5,96,20.6532524421841,1.16241896310185,5.71000909032744
3,"ns_dependence",6,96,10.4400907257164,0.549897871834769,4.83342243077908
3,"ns_dependence",7,96,14.6013494822422,0.784993519653122,5.10714389498119
3,"ns_dependence",8,96,13.7093028322053,0.783903442741986,5.33686462952585
3,"ns_dependence",9,96,12.124589540605,0.712051554451332,4.88019497914202
3,"ns_dependence",10,96,18.7162049602464,1.0266069869086,4.86287713356701
4,"ps_cov",1,96,9.18807646616071,1.83383398517954,4.84959855408503
4,"ps_cov",2,96,7.85987767052207,1.31771776752418,4.96215837462123
4,"ps_cov",3,96,10.3992509153341,1.6485269901054,4.70480256983087
4,"ps_cov",4,96,13.0226740034074,2.0464305736371,5.55499706720561
4,"ps_cov",5,96,31.7451878228393,2.20814265619187,7.17239839836373
4,"ps_cov",6,96,9.44940898331713,1.27931190455356,5.18242040184025
4,"ps_cov",7,96,10.4698587161068,1.48044236547466,5.48580532734129
4,"ps_cov",8,96,21.9902952981985,2.5261957146602,6.31340575329163
4,"ps_cov",9,96,18.2014934656853,2.31279315546194,4.35478163118778
4,"ps_cov",10,96,11.1352446457665,2.00400973783898,4.68993909329298
5,"ps_add",1,96,16.0715222080038,1.22410455499539,4.83756763309008
5,"ps_add",2,96,15.314023032656,0.999221101175172,5.10587335465709
5,"ps_add",3,96,18.3842639928912,1.2677273163448,4.80972755539103
5,"ps_add",4,96,20.0806950015262,1.26825930707873,5.45936674615971
5,"ps_add",5,96,39.3563512451533,1.71791489910249,7.12332240954727
5,"ps_add",6,96,15.7960237130641,0.953943142057766,5.15823512674712
5,"ps_add",7,96,16.7798664504271,1.04983421151102,5.47996375510682
5,"ps_add",8,96,28.7491813391683,1.68503551410116,6.39361780074029
5,"ps_add",9,96,25.0961370630498,1.52469269823858,4.43341041053351
5,"ps_add",10,96,18.3130668399759,1.30673794834619,4.72024030478033
6,"covdep_cov",1,96,9.09697480732379,1.66646151533698,4.08718787022038
6,"covdep_cov",2,96,6.87999914318646,1.32915471343948,3.79988448715171
6,"covdep_cov",3,96,9.58970544089458,1.89650810248207,5.20749344040501
6,"covdep_cov",4,96,12.8264466320013,1.85486315048619,5.75281582133278
6,"covdep_cov",5,96,12.7350363413237,2.17798967879611,5.42872792430215
6,"covdep_cov",6,96,17.6493124176474,3.06613584792362,5.75264947853946
6,"covdep_cov",7,96,13.6696739313843,1.58425419765322,4.79793483956797
6,"covdep_cov",8,96,16.1514654814469,1.77740454129413,5.59633100748552
6,"covdep_cov",9,96,14.590441230956,1.55607134248481,5.09395052304109
6,"covdep_cov",10,96,9.12497798653961,1.94160615316953,4.43523413426286
7,"covdep_add",1,96,15.8478272949855,1.19236713489224,4.07625543904168
7,"covdep_add",2,96,14.4842604631319,1.04550296442778,3.70633840417256
7,"covdep_add",3,96,17.4463073506224,1.32055690409963,5.38133386244443
7,"covdep_add",4,96,19.7235385439121,1.23063154094592,5.89891437610071
7,"covdep_add",5,96,21.2689172588964,1.35490189827326,5.50083070962714
7,"covdep_add",6,96,25.5009106192429,1.76980927934266,5.86752634766427
7,"covdep_add",7,96,19.8627209728346,1.1758887625605,4.67736836840668
7,"covdep_add",8,96,23.7887404932219,1.33362082912027,5.43676236800852
7,"covdep_add",9,96,22.8465404138778,1.26404596965122,5.10936461901317
7,"covdep_add",10,96,16.4792207572177,1.20414507376676,4.49585480352218
8,"fuentes_cov",1,96,9.22681729685055,1.96685704632514,5.48805096050794
8,"fuentes_cov",2,96,17.6862041702503,2.83048621008999,7.0819637878154
8,"fuentes_cov",3,96,14.6994816274945,1.30154290744986,5.22647935860808
8,"fuentes_cov",4,96,12.619949323946,2.62828888229475,6.54443948801518
8,"fuentes_cov",5,96,7.45693780335909,1.81356198342051,3.83672764484947
8,"fuentes_cov",6,96,11.3405641448524,2.09208660938626,5.06002395254229
8,"fuentes_cov",7,96,10.1169577899874,2.19689495379539,6.0918682007807
8,"fuentes_cov",8,96,9.57160003040161,1.65101826763568,5.21902056367547
8,"fuentes_cov",9,96,29.6556856096547,3.13902381852459,6.60458735959845
8,"fuentes_cov",10,96,21.3913347193711,4.35434957772564,6.03059970379852
9,"gh_marginal",1,96,15.2915287139213,0.912941384854183,4.3268204730215
9,"gh_marginal",2,96,24.8305825305598,1.25549152070023,6.93216233598601
9,"gh_marginal",3,96,19.7663230368169,1.3655100052517,4.46836743032782
9,"gh_marginal",4,96,15.8744224501892,1.32521223722062,4.76504910795052
9,"gh_marginal",5,96,17.2510941168473,1.35649491947727,5.4946929261809
9,"gh_marginal",6,96,22.9629885261896,1.31145695428761,6.25004184353153
9,"gh_marginal",7,96,26.3972026618603,1.68580700077199,6.15347041522454
9,"gh_marginal",8,96,18.6639218202593,1.39871822050671,4.71941733483449
9,"gh_marginal",9,96,18.7152604870987,0.960867098402016,4.61742486767632
9,"gh_marginal",10,96,33.8247334565141,1.94829008054021,6.37838575005876
10,"lambda_varying",1,96,7.87880895678766,0.412365874555356,1.22374625918159
10,"lambda_varying",2,96,12.3371091989635,0.487401335132151,1.0119332615623
10,"lambda_varying",3,96,10.5937070658722,0.407985761295958,1.25147794970503
10,"lambda_varying",4,96,13.5776297318538,0.402171917359338,1.14735181491997
10,"lambda_varying",5,96,16.3497878730666,0.432058341512842,1.27111827733809
10,"lambda_varying",6,96,10.2201361851908,0.406038395615151,1.35887696956185
10,"lambda_varying",7,96,20.690461407685,0.441934158917165,1.52669033464122
10,"lambda_varying",8,96,10.4869702249621,0.402229335989066,1.24067385505324
10,"lambda_varying",9,96,11.5412104248596,0.413270280437278,1.31863309053434
10,"lambda_varying",10,96,12.7100590750972,0.415456848640056,1.20337695857637
11,"invariant_strong",1,96,40.7040745788012,0.269362361056892,9.14718771131217
11,"invariant_strong",2,96,44.489234390512,0.274988601234278,9.51651251984565
11,"invariant_strong",3,96,43.2102948947868,0.270894042268314,10.4252765874837
11,"invariant_strong",4,96,41.00642686626,0.26485212062981,9.14692675369459
11,"invariant_strong",5,96,41.0310428140784,0.266508766655853,8.44890345165346
11,"invariant_strong",6,96,42.238568417164,0.266030241486341,8.49906143506986
11,"invariant_strong",7,96,44.056894414236,0.280003669568321,9.13780912812368
11,"invariant_strong",8,96,42.2253658422498,0.269692633611146,8.44028925267609
11,"invariant_strong",9,96,40.870190324782,0.263860543117614,8.59709544292234
11,"invariant_strong",10,96,40.7575161109904,0.250871819944855,8.43323007717078
12,"mrts_multibump",1,96,41.9626451889097,0.284791951926324,6.01675134193346
12,"mrts_multibump",2,96,35.8317648978024,0.259515872116056,5.73411888416131
12,"mrts_multibump",3,96,35.4009763645682,0.258434910704815,6.07208986207007
12,"mrts_multibump",4,96,34.9180953619376,0.256840111060504,5.76087285272001
12,"mrts_multibump",5,96,36.1667818212117,0.261571454975705,6.27504542567767
12,"mrts_multibump",6,96,36.8489471833896,0.263379886981175,5.8825510729348
12,"mrts_multibump",7,96,37.8820328989433,0.267806406209155,6.86775984510354
12,"mrts_multibump",8,96,39.3071247448715,0.282301057910466,6.13165501564978
12,"mrts_multibump",9,96,34.7575115353749,0.256185626938142,6.31109402378299
12,"mrts_multibump",10,96,36.576757148696,0.258473669921574,7.33438756712131
13,"franke",1,96,50.4981138879452,0.31541530396109,5.98613344488453
13,"franke",2,96,46.4660048290202,0.306212833489658,6.06032816836857
13,"franke",3,96,46.2503209029544,0.311680432864802,6.06978370437775
13,"franke",4,96,49.7326451570088,0.324892001997411,6.05738905041183
13,"franke",5,96,47.9263955936156,0.311281305785899,6.00893579270442
13,"franke",6,96,46.8966028473967,0.30455342492365,6.02935857783951
13,"franke",7,96,48.6985336182599,0.316157331764604,6.07385156720552
13,"franke",8,96,48.2823728100779,0.314653506004916,6.04078907645995
13,"franke",9,96,48.9010726543278,0.309386568770397,5.92224649352081
13,"franke",10,96,48.1517894423542,0.319011516078379,6.08582854016779
14,"ridge_curved",1,96,49.6001284232169,0.310741744354161,6.14861503484772
14,"ridge_curved",2,96,51.318122717753,0.312889472283587,6.0921371687046
14,"ridge_curved",3,96,50.3445147232705,0.315086777784652,6.23831826603845
14,"ridge_curved",4,96,50.5511238882,0.315911565420596,6.18847906827892
14,"ridge_curved",5,96,47.5603828410322,0.310531677813879,6.24247788414863
14,"ridge_curved",6,96,51.2860671943396,0.320261586831822,6.23376871161909
14,"ridge_curved",7,96,52.1248486431421,0.318051003739643,6.11064088507493
14,"ridge_curved",8,96,49.2815698606964,0.31591855716066,6.29585343273964
14,"ridge_curved",9,96,48.8856811689115,0.308735228365521,6.19508136860212
14,"ridge_curved",10,96,50.1869975430247,0.310530717620952,6.12858137711941
15,"annulus",1,96,42.3661722298647,0.388397213323026,5.43978477699735
15,"annulus",2,96,40.0144174215376,0.365568932854823,5.40340114996187
15,"annulus",3,96,40.9904762100235,0.375104773122508,5.49728878110652
15,"annulus",4,96,40.5718173808766,0.372600382648992,5.45801837267508
15,"annulus",5,96,41.4635918525778,0.370550871222681,5.3948716753803
15,"annulus",6,96,41.2571274304178,0.376506667270576,5.46223395693069
15,"annulus",7,96,41.5090987435243,0.369401836014181,5.44594138112038
15,"annulus",8,96,42.9219436144804,0.376381017250344,5.42908633883293
15,"annulus",9,96,42.4205606246477,0.383427854565666,5.49697937785434
15,"annulus",10,96,41.5826930199139,0.375309966628214,5.42523009378418
16,"sigmoid_front",1,96,35.2257326928446,0.32264040603465,4.91346076480811
16,"sigmoid_front",2,96,34.4899556314349,0.319351054604705,4.94905751453536
16,"sigmoid_front",3,96,35.654133976645,0.314372098444194,4.9175784999511
16,"sigmoid_front",4,96,36.0681148635836,0.326930555462116,4.9415878491212
16,"sigmoid_front",5,96,36.2675772335786,0.325567052177359,4.92790117207757
16,"sigmoid_front",6,96,35.8091063410679,0.328233798443391,4.9603738012429
16,"sigmoid_front",7,96,37.7007212111252,0.328407668864371,4.82792364003948
16,"sigmoid_front",8,96,38.3452545477441,0.333114756061151,4.87153749629869
16,"sigmoid_front",9,96,36.3319035874043,0.323163126155487,4.86468110724557
16,"sigmoid_front",10,96,36.3641592407495,0.315874621810022,4.85491672631245
17,"gp_mean",1,96,47.1307050107166,0.350646149581404,6.01889773035755
17,"gp_mean",2,96,54.0839656281535,0.324095748821643,6.50200399835288
17,"gp_mean",3,96,50.7879874100555,0.344840616974009,5.88110384177277
17,"gp_mean",4,96,53.1443073639163,0.339467319541541,6.56559357852031
17,"gp_mean",5,96,46.5356197154812,0.345186474882033,6.15883832341633
17,"gp_mean",6,96,34.1899140570842,0.337322316139006,4.73404538663013
17,"gp_mean",7,96,38.3490440191889,0.366571143850679,5.40923227948837
17,"gp_mean",8,96,31.0529464393171,0.316727813063991,4.3701630206859
17,"gp_mean",9,96,39.8468911880664,0.408206048822793,5.39240253315989
17,"gp_mean",10,96,35.889979184038,0.336304016253781,5.0658124491345
18,"franke_sas",1,96,51.9025417446614,0.321669615882525,5.96182068860989
18,"franke_sas",2,96,46.0375949266151,0.304088545651795,6.05311695952041
18,"franke_sas",3,96,47.0951449195635,0.315554096406015,6.08814154723606
18,"franke_sas",4,96,50.4785454392618,0.329784292512595,6.05523033305203
18,"franke_sas",5,96,49.6556799467315,0.321594379518205,6.01339558784927
18,"franke_sas",6,96,47.0786248541457,0.306060994031085,6.00513498535526
18,"franke_sas",7,96,49.4437127385842,0.321586074794696,6.09296216805198
18,"franke_sas",8,96,49.1319074402213,0.323349060702511,6.04797120614004
18,"franke_sas",9,96,50.8015291432399,0.31873344243807,5.94638725220927
18,"franke_sas",10,96,48.9578930543064,0.323002543658414,6.05700593481277
19,"poly2",1,96,36.0634954297347,0.330622387966945,5.00107588426171
19,"poly2",2,96,34.859009353335,0.32087404599941,4.93062983859975
19,"poly2",3,96,34.9340142603262,0.326754074341561,5.01339416419016
19,"poly2",4,96,33.3020546940466,0.316561319298783,4.99624085334374
19,"poly2",5,96,34.8985728137934,0.317113023278551,4.90614137610625
19,"poly2",6,96,34.5388478742641,0.316934490721799,4.93026106572715
19,"poly2",7,96,35.1743836888302,0.319055108511786,4.91857802303795
19,"poly2",8,96,36.5573610070816,0.324896954939802,4.86618490400115
19,"poly2",9,96,38.0002626774133,0.328961105382018,4.7932799905586
19,"poly2",10,96,36.0077710187484,0.32746411821064,4.93300876129445
20,"transform_mix",1,96,28.1346006414389,0.367709723520026,3.8402242077029
20,"transform_mix",2,96,25.7306683722466,0.35678664294212,3.8123757765601
20,"transform_mix",3,96,26.9866139223629,0.353139800784948,3.79181636327928
20,"transform_mix",4,96,25.9077574260854,0.367389345813647,3.89832746394877
20,"transform_mix",5,96,26.5282358787629,0.359939666960596,3.94223915042083
20,"transform_mix",6,96,27.3152072198548,0.372144031003945,3.84544653767115
20,"transform_mix",7,96,26.3879050440658,0.361996383826404,3.89837246946591
20,"transform_mix",8,96,26.6518436254986,0.360223921718405,3.87679654573875
20,"transform_mix",9,96,26.6911222625504,0.358489116547946,3.86195794609708
20,"transform_mix",10,96,26.1448977317737,0.35639645467149,3.89835457077931
21,"nonsmooth",1,96,37.0870416445047,0.340080518716288,4.68788733678713
21,"nonsmooth",2,96,35.8299665473661,0.334131376435293,4.69870591250066
21,"nonsmooth",3,96,34.8677771364208,0.341506537354059,4.78520059161334
21,"nonsmooth",4,96,37.5119984924854,0.340569619102431,4.7428102387438
21,"nonsmooth",5,96,35.0715080206793,0.34344889230879,4.83737227782557
21,"nonsmooth",6,96,35.6389541958813,0.335887668427444,4.78434050938727
21,"nonsmooth",7,96,33.150661080099,0.325532173383924,4.746388095557
21,"nonsmooth",8,96,34.4705812782759,0.329458107840235,4.75425426109387
21,"nonsmooth",9,96,35.7083677200371,0.330267901045209,4.80464273649119
21,"nonsmooth",10,96,33.9771908097226,0.327531183697824,4.70062367544766
