"setting","rule","prob","margin","level","iid","AR1","AR2","AR1-iid","AR2-iid","AR2-AR1"
5,"full-series",0.9,"dataset","1",0.0588584602657407,0.0708967366666667,0.0473592036861111,0.0120382764009259,-0.0114992565796296,-0.0235375329805556
5,"full-series",0.9,"dataset","2",0.183702881067593,0.143888799015741,0.105011817249074,-0.0398140820518519,-0.0786910638185185,-0.0388769817666667
5,"full-series",0.9,"dataset","3",0.0849048065064815,0.0800067574759259,0.0532805697268518,-0.00489804903055556,-0.0316242367796296,-0.0267261877490741
5,"full-series",0.9,"dataset","4",0.146028270774074,0.144150397736111,0.123805170636111,-0.00187787303796297,-0.022223100137963,-0.0203452271
5,"full-series",0.9,"dataset","5",0.100905395960185,0.0984870941759259,0.0855572826722222,-0.00241830178425927,-0.015348113287963,-0.0129298115037037
5,"full-series",0.9,"dataset","6",0.107801280991667,0.101375113897222,0.099326748375,-0.00642616709444445,-0.00847453261666667,-0.00204836552222222
5,"full-series",0.9,"dataset","7",0.0674360323509259,0.0663604724527778,0.0586479809490741,-0.00107555989814814,-0.00878805140185184,-0.0077124915037037
5,"full-series",0.9,"dataset","8",0.13202472465,0.129272320709259,0.0966245891351852,-0.00275240394074075,-0.0354001355148148,-0.0326477315740741
5,"full-series",0.9,"dataset","9",0.155150195017593,0.155004520450926,0.109283277994444,-0.00014567456666667,-0.0458669170231481,-0.0457212424564815
5,"full-series",0.9,"dataset","10",0.170410877497222,0.198693201219444,0.170353432353704,0.0282823237222222,-5.74451435185197e-05,-0.0283397688657407
5,"full-series",0.95,"dataset","1",0.0179555376833333,0.0278009547333333,0.0137039821481481,0.00984541705,-0.00425155553518519,-0.0140969725851852
5,"full-series",0.95,"dataset","2",0.115146373600926,0.106900689837963,0.0991377966583333,-0.00824568376296296,-0.0160085769425926,-0.00776289317962964
5,"full-series",0.95,"dataset","3",0.0203087395111111,0.0192104831592593,0.0109455903018519,-0.00109825635185185,-0.00936314920925926,-0.00826489285740741
5,"full-series",0.95,"dataset","4",0.0900936511953704,0.089765164125,0.0849929470064815,-0.000328487070370365,-0.00510070418888889,-0.00477221711851852
5,"full-series",0.95,"dataset","5",0.059151827837037,0.0578275293944444,0.0538473290953704,-0.0013242984425926,-0.00530449874166667,-0.00398020029907407
5,"full-series",0.95,"dataset","6",0.0672968976583333,0.0635303484268518,0.0618042964935185,-0.00376654923148148,-0.00549260116481481,-0.00172605193333333
5,"full-series",0.95,"dataset","7",0.0326259672351852,0.0320840936962963,0.0289240634194444,-0.000541873538888883,-0.00370190381574074,-0.00316003027685186
5,"full-series",0.95,"dataset","8",0.0830622652759259,0.0859050935583333,0.0628386211657407,0.00284282828240741,-0.0202236441101852,-0.0230664723925926
5,"full-series",0.95,"dataset","9",0.0899942801361111,0.0898816171703704,0.0696364550537037,-0.000112662965740751,-0.0203578250824074,-0.0202451621166667
5,"full-series",0.95,"dataset","10",0.104492381028704,0.122807652705556,0.105285277262963,0.0183152716768518,0.000792896234259266,-0.0175223754425926
7,"full-series",0.9,"dataset","1",0.156574645609259,0.151779208909259,0.150541710672222,-0.00479543670000002,-0.00603293493703705,-0.00123749823703703
7,"full-series",0.9,"dataset","2",0.0744743405592593,0.0763527062796296,0.0746309714037037,0.00187836572037037,0.000156630844444436,-0.00172173487592593
7,"full-series",0.9,"dataset","3",0.0630109243666667,0.0835339620009259,0.062583369087963,0.0205230376342593,-0.000427555278703695,-0.020950592912963
7,"full-series",0.9,"dataset","4",0.0909277196222222,0.0915104548212963,0.0912282839842593,0.000582735199074078,0.000300564362037042,-0.000282170837037035
7,"full-series",0.9,"dataset","5",0.125205608037037,0.133067078153704,0.118687690675,0.00786147011666666,-0.00651791736203704,-0.0143793874787037
7,"full-series",0.9,"dataset","6",0.136435029094444,0.125899748387963,0.129903111686111,-0.0105352807064815,-0.00653191740833334,0.00400336329814813
7,"full-series",0.9,"dataset","7",0.10617578822963,0.106819090269444,0.112314687275,0.000643302039814816,0.00613889904537038,0.00549559700555556
7,"full-series",0.9,"dataset","8",0.114219666362037,0.113569379569444,0.111177343043519,-0.000650286792592589,-0.00304232331851852,-0.00239203652592593
7,"full-series",0.9,"dataset","9",0.0855270160222222,0.0852170116759259,0.0843119596398148,-0.0003100043462963,-0.0012150563824074,-0.000905052036111104
7,"full-series",0.9,"dataset","10",0.0712477551,0.0755068517759259,0.08703131025,0.00425909667592592,0.01578355515,0.0115244584740741
7,"full-series",0.95,"dataset","1",0.0900045611203704,0.0879447391398148,0.0876480738601852,-0.00205982198055556,-0.0023564872601852,-0.00029666527962964
7,"full-series",0.95,"dataset","2",0.0375394659287037,0.0384306803462963,0.037657837012963,0.000891214417592594,0.000118371084259258,-0.000772843333333335
7,"full-series",0.95,"dataset","3",0.0290842713962963,0.0459062157907407,0.0299595070425926,0.0168219443944444,0.000875235646296296,-0.0159467087481482
7,"full-series",0.95,"dataset","4",0.0515592149814815,0.0519851401925926,0.0519907699731481,0.000425925211111115,0.000431554991666666,5.6297805555508e-06
7,"full-series",0.95,"dataset","5",0.0704374696527778,0.0778975064944444,0.0706192677314815,0.00746003684166667,0.000181798078703707,-0.00727823876296296
7,"full-series",0.95,"dataset","6",0.0751961060314815,0.0743434277398148,0.0734092016935185,-0.000852678291666673,-0.00178690433796297,-0.000934226046296296
7,"full-series",0.95,"dataset","7",0.0541463925555556,0.0556110058490741,0.0624513294833333,0.00146461329351852,0.00830493692777778,0.00684032363425926
7,"full-series",0.95,"dataset","8",0.0644795647074074,0.0641172400277778,0.0631658384787037,-0.000362324679629641,-0.00131372622870371,-0.000951401549074068
7,"full-series",0.95,"dataset","9",0.0435239230046296,0.043574915212037,0.0432100082657407,5.09922074074104e-05,-0.000313914738888886,-0.000364906946296296
7,"full-series",0.95,"dataset","10",0.0405196523916667,0.0427982588824074,0.0493327979935185,0.00227860649074074,0.00881314560185185,0.00653453911111111
