"setting","method","dataset","block","seam","seed","hn","ar2_used","ar1_used","a","b","lambda","beta0","zbar","z_pred","z_ratio","sdz_ratio","phi1.z","phi2.z","phi1.tau","phi2.tau","sd_lead1","sd_lead_max","mu_recon","data_mean","A_zconsist","Aprime_sdz","B_truth","C_spread"
5,1,1,1,50,1501,TRUE,FALSE,FALSE,4.523605,7.06980765270156,2.89043080619627,11.2456040614237,1.07709849152508,1.05541558867892,1.0205444216276,1.02633639009345,NA,NA,NA,NA,2.99496764598286,3.06471081113436,14.3588827226354,14.3524478864646,TRUE,TRUE,TRUE,TRUE
5,1,1,2,80,1501,TRUE,FALSE,FALSE,4.63173,5.90741905510164,2.51229244487534,11.1989577082791,1.00210525040515,0.958392806371162,1.04561015456647,1.16722216761532,NA,NA,NA,NA,2.44306049419379,2.44596693019633,13.7165391578419,13.693638883318,TRUE,TRUE,TRUE,TRUE
5,1,1,3,110,1501,TRUE,FALSE,FALSE,4.782835,6.02338272105785,2.77892661151027,11.292437150456,1.01040590916428,0.945040177653433,1.06916714554206,1.05757403300977,NA,NA,NA,NA,2.50662039314181,2.62239591906233,14.1002810198599,14.0528710371897,TRUE,TRUE,TRUE,TRUE
5,1,1,4,140,1501,TRUE,FALSE,FALSE,4.810165,6.51725319869722,2.56288890467307,11.3395647695702,1.00330313303744,0.983442255970042,1.0201952650975,1.0508913283307,NA,NA,NA,NA,2.50035397923224,2.53885297563241,13.9109192372556,13.8445833083976,TRUE,TRUE,TRUE,TRUE
5,1,1,5,170,1501,TRUE,FALSE,FALSE,4.835565,6.91448326225089,2.38616233940052,11.3616131097869,1.02248951801674,1.01116966380562,1.01119481192554,1.04577365842405,NA,NA,NA,NA,2.45972251133986,2.47303872178237,13.8014390901103,13.7315457532165,TRUE,TRUE,TRUE,TRUE
5,1,2,1,50,1502,TRUE,FALSE,FALSE,3.78345,15.5892280737654,0.287810737032926,10.0619300402996,1.80655982622394,1.75949559990595,1.02674870361739,0.649409536893801,NA,NA,NA,NA,2.45462825813217,2.46910350056116,10.5818773553792,10.6395981146666,TRUE,TRUE,FALSE,TRUE
5,1,2,2,80,1502,TRUE,FALSE,FALSE,3.76078,11.2537138769583,1.14584130605574,9.76008392845509,1.25618364462206,1.52023650937834,0.826308036198747,0.866435507062882,NA,NA,NA,NA,2.52567229139297,2.59049301231142,11.1994710364547,11.2148392857164,TRUE,TRUE,FALSE,TRUE
5,1,2,3,110,1502,TRUE,FALSE,FALSE,4.213965,12.3098782097632,1.06050283520651,9.80542997760432,1.3014488035346,1.4855095648272,0.876095876020825,0.925715368552917,NA,NA,NA,NA,2.36250229194343,2.40202306816484,11.1856201236289,11.163345170179,TRUE,TRUE,FALSE,TRUE
5,1,2,4,140,1502,TRUE,FALSE,FALSE,4.60274,13.1911488039133,1.28343005383623,9.78047989544784,1.28122614440318,1.45296310402642,0.881802256955238,0.974065970239693,NA,NA,NA,NA,2.48449618844078,2.50105907813299,11.4248440349356,11.4322523629093,TRUE,TRUE,TRUE,TRUE
5,1,2,5,170,1502,TRUE,FALSE,FALSE,4.501465,13.5912378586721,1.89560893648976,9.726166956631,1.43527014555067,1.50149803735486,0.955892122296166,1.31729800942462,NA,NA,NA,NA,3.05801027242628,3.15562393634217,12.4468778708138,12.4260674080363,TRUE,TRUE,TRUE,TRUE
5,1,3,1,50,1503,TRUE,FALSE,FALSE,4.19104,7.7622342799434,3.88212879940087,13.3170584202306,1.35661344776042,1.17003439528393,1.15946458773224,1.28853700119602,NA,NA,NA,NA,4.25668890817038,4.37491845164817,18.5836065554358,18.3790845663353,TRUE,TRUE,TRUE,TRUE
5,1,3,2,80,1503,TRUE,FALSE,FALSE,4.606245,9.4776064265212,3.22613190184329,13.644352291147,1.29064278157248,1.21661426029051,1.06084798090752,1.26660017181892,NA,NA,NA,NA,3.76207694116551,3.78005314766434,17.8081361426617,17.6495071778085,TRUE,TRUE,TRUE,TRUE
5,1,3,3,110,1503,TRUE,FALSE,FALSE,4.54661,10.5587093839377,4.14759246383835,10.8631835462194,1.42235975938402,1.30476999336542,1.09012298459999,0.92208370340838,NA,NA,NA,NA,4.87181121905049,4.98138181357881,16.7625521651075,16.6044907053186,TRUE,TRUE,TRUE,TRUE
5,1,3,4,140,1503,TRUE,FALSE,FALSE,4.383895,11.0494818736568,3.94545984924901,10.3393704726817,1.36949596955483,1.37306163613595,0.997403127079451,0.95453576800432,NA,NA,NA,NA,5.01293400897944,5.03597884680613,15.7426618342686,15.6142733134772,TRUE,TRUE,TRUE,TRUE
5,1,3,5,170,1503,TRUE,FALSE,FALSE,4.616185,11.1101027875137,3.78858484844239,10.2508315059986,1.25266100226598,1.33304061319566,0.939702053985449,1.02533938087399,NA,NA,NA,NA,4.60213959226376,4.74791219537805,14.9966439994182,14.9098486921641,TRUE,TRUE,TRUE,TRUE
5,1,4,1,50,1504,TRUE,FALSE,FALSE,4.660725,5.01954922350027,1.38872267298827,10.1928187908766,0.914046873145188,0.867781807039901,1.05331416921853,1.11224539785608,NA,NA,NA,NA,1.55961101244576,1.59809389603036,11.4621764077874,11.5324202278353,TRUE,TRUE,TRUE,TRUE
5,1,4,2,80,1504,TRUE,FALSE,FALSE,2.195485,3.19878327560439,1.67052647143961,10.2147203994304,1.30042153732488,1.17974082376316,1.10229425915496,1.19367959246608,NA,NA,NA,NA,2.63219048641665,2.6837704559406,12.3871090015618,12.4425096151865,TRUE,TRUE,TRUE,TRUE
5,1,4,3,110,1504,TRUE,FALSE,FALSE,2.044845,3.52820152755654,1.99861710938371,10.1359658767386,1.29500764459876,1.2846106054731,1.00809353362129,1.15789217144298,NA,NA,NA,NA,3.64378102818185,3.64378102818185,12.7241903120164,12.7909839767859,TRUE,TRUE,TRUE,TRUE
5,1,4,4,140,1504,TRUE,FALSE,FALSE,2.308045,4.28402615015654,2.01669084453513,10.2169392646799,1.30855340440143,1.29515206281987,1.01034731130519,1.14414115086339,NA,NA,NA,NA,3.09999473494735,3.23365672680111,12.8558869349215,12.8819137596639,TRUE,TRUE,TRUE,TRUE
5,1,4,5,170,1504,TRUE,FALSE,FALSE,2.691915,5.05913666434667,2.31524284077376,10.1860304003541,1.2650557391303,1.27101373555526,0.995312405949449,1.12410774422114,NA,NA,NA,NA,3.18067469166967,3.42394554884055,13.1149416435553,13.1521495980755,TRUE,TRUE,TRUE,TRUE
5,1,5,1,50,1505,TRUE,FALSE,FALSE,1.913915,10.9812187283751,2.58148221635631,11.7701702540921,2.54404338334512,2.32831109424011,1.09265612728415,0.999321562799566,NA,NA,NA,NA,7.6682691612621,8.68603115742155,18.3375730058364,18.1759293104056,TRUE,TRUE,TRUE,TRUE
5,1,5,2,80,1505,TRUE,FALSE,FALSE,1.877855,9.01229192846899,2.59514257193259,11.8539604648338,2.36655172964173,2.15730722030957,1.09699337552031,0.977324089279312,NA,NA,NA,NA,6.96971606075224,7.67768872125652,17.9954996071077,17.9026854998562,TRUE,TRUE,TRUE,TRUE
5,1,5,3,110,1505,TRUE,FALSE,FALSE,2.14392,8.86993767728779,2.60981500180802,11.0653124278142,2.14168781280124,1.96682138077172,1.08890814068785,1.09247653997073,NA,NA,NA,NA,5.74082716304989,6.0426854955912,16.6547214108523,16.5826915819785,TRUE,TRUE,TRUE,TRUE
5,1,5,4,140,1505,TRUE,FALSE,FALSE,2.451205,9.26069855316269,2.66828963574509,11.1777420588808,2.06010843125154,1.84211102000119,1.11834108198875,1.06317126858565,NA,NA,NA,NA,5.39959102278309,5.42977409350234,16.6747080345003,16.5949072318879,TRUE,TRUE,TRUE,TRUE
5,1,5,5,170,1505,TRUE,FALSE,FALSE,2.631025,10.100851862128,2.81331615312661,11.2237688319299,2.03478986182386,1.83213812488372,1.11060942086613,1.04017963181022,NA,NA,NA,NA,5.46753806045238,5.53809217486924,16.9482760184173,16.8890992305832,TRUE,TRUE,TRUE,TRUE
5,1,6,1,50,1506,TRUE,FALSE,FALSE,4.09379,8.68542950950123,2.45978825890077,10.2946024922497,1.34432435761672,1.26172781401497,1.06546304415603,1.0948016147533,NA,NA,NA,NA,3.18031228830443,3.25459095547187,13.6013557632697,13.6055956981759,TRUE,TRUE,TRUE,TRUE
5,1,6,2,80,1506,TRUE,FALSE,FALSE,3.16505,8.20848823544046,2.10025166052637,10.4448131063929,1.543347454865,1.45837162288778,1.05826761207061,1.09741859338537,NA,NA,NA,NA,3.44933690410342,3.44933690410342,13.6862311612422,13.7276043109419,TRUE,TRUE,TRUE,TRUE
5,1,6,3,110,1506,TRUE,FALSE,FALSE,2.82514,8.49540381249246,1.89715705837454,10.6278380971213,1.75698300334815,1.5927754231607,1.10309524983855,1.11972475281702,NA,NA,NA,NA,3.48860350117347,3.6075229626957,13.9611108033674,13.9458065074651,TRUE,TRUE,TRUE,TRUE
5,1,6,4,140,1506,TRUE,FALSE,FALSE,3.339055,9.81691162782805,1.78543562971187,10.677780151318,1.65052148815749,1.54242537863448,1.07008190543305,1.16200302508018,NA,NA,NA,NA,3.26314329542419,3.26314329542419,13.6246800238794,13.6004843755329,TRUE,TRUE,TRUE,TRUE
5,1,6,5,170,1506,TRUE,FALSE,FALSE,2.22349,4.84359018404032,2.38516383837107,10.7076082179116,1.30880407394763,1.41451380596854,0.925267797617197,0.907076500778652,NA,NA,NA,NA,3.83415668722005,4.04214982289889,13.8293203666042,13.8103827712451,TRUE,TRUE,TRUE,TRUE
5,1,7,1,50,1507,TRUE,FALSE,FALSE,4.58856,7.57650639367856,2.51601811527268,12.1222140013502,1.21516317095804,1.07585207405711,1.1294890815013,1.03387901214601,NA,NA,NA,NA,2.77886146317973,2.82525333965091,15.1795865524928,15.2441576933529,TRUE,TRUE,TRUE,TRUE
5,1,7,2,80,1507,TRUE,FALSE,FALSE,4.55883,8.96588383718517,2.28758189714554,11.8086331770712,1.37255223628866,1.19559083661055,1.14801167277242,0.965173765658755,NA,NA,NA,NA,2.77699738252341,2.88543353465054,14.9484588256917,15.0295446933414,TRUE,TRUE,TRUE,TRUE
5,1,7,3,110,1507,TRUE,FALSE,FALSE,4.68269,8.19182261976789,2.6509409237472,11.0148575047376,1.28677617691604,1.12610227322317,1.14268144866894,0.919025452567688,NA,NA,NA,NA,2.9048772693432,2.98810737149636,14.4260251318273,14.472659058531,TRUE,TRUE,TRUE,TRUE
5,1,7,4,140,1507,TRUE,FALSE,FALSE,4.7835,7.8686258763551,2.60823493371992,10.9156285859295,1.23349991522979,1.08821758295357,1.13350485652134,0.975341279959287,NA,NA,NA,NA,2.8044450273088,2.87331005298118,14.1328861555724,14.1672654507057,TRUE,TRUE,TRUE,TRUE
5,1,7,5,170,1507,TRUE,FALSE,FALSE,4.764135,7.07343506420008,2.62631530285456,10.7871484357402,1.18186146997928,1.04091159553822,1.13541003390223,0.993029705515771,NA,NA,NA,NA,2.64088593507951,2.7230717411248,13.891089300201,13.9081828575606,TRUE,TRUE,TRUE,TRUE
5,1,8,1,50,1508,TRUE,FALSE,FALSE,3.227645,13.9678099457846,2.2696523494689,10.2910965060354,1.79829078326387,1.85330261964371,0.970316862558357,0.828758024525429,NA,NA,NA,NA,4.60480541521486,4.73125714811911,14.3725914072985,14.5199437156009,TRUE,TRUE,TRUE,TRUE
5,1,8,2,80,1508,TRUE,FALSE,FALSE,3.459645,12.3538579400914,4.507774759833,10.2899417791122,1.48229968207747,1.68117886676875,0.881702543005713,0.727909265222931,NA,NA,NA,NA,7.11609054450025,7.24031937638803,16.9718148724895,17.1137479800627,TRUE,TRUE,TRUE,TRUE
5,1,8,3,110,1508,TRUE,FALSE,FALSE,3.46061,10.0664381979801,5.64693658090395,10.4490725537657,1.42033693218887,1.52688855959013,0.930216500259943,0.678231259706738,NA,NA,NA,NA,7.8241838372935,7.90784569802948,18.4696251333519,18.5296705999227,TRUE,TRUE,FALSE,TRUE
5,1,8,4,140,1508,TRUE,FALSE,FALSE,3.76849,10.1824394028388,5.4515552184513,10.562371759472,1.36411601196061,1.4592884991248,0.934781582105755,0.71173325061587,NA,NA,NA,NA,7.05155319631494,7.38928106681441,17.9989255230489,18.0484654332149,TRUE,TRUE,FALSE,TRUE
5,1,8,5,170,1508,TRUE,FALSE,FALSE,4.001825,10.1014824490829,5.05780104691888,10.7395835565874,1.37585875052932,1.40314199989696,0.980555603517217,0.760835150789425,NA,NA,NA,NA,6.28792500957683,6.36950220924292,17.6984033854271,17.6926233155583,TRUE,TRUE,FALSE,TRUE
5,1,9,1,50,1509,TRUE,FALSE,FALSE,2.509575,11.3121025729466,1.56217382456855,10.2116577927228,2.17950388499974,1.97424662003205,1.10396738831158,2.30454913880698,NA,NA,NA,NA,4.12687102379929,4.18927243440309,13.6164217124149,13.4169311481968,TRUE,TRUE,TRUE,TRUE
5,1,9,2,80,1509,TRUE,FALSE,FALSE,2.66,14.13381362755,2.28625429877777,10.2797077401203,2.39173595148788,2.12342552088989,1.12635735417061,1.59301794624043,NA,NA,NA,NA,5.43738855690883,5.56494325602559,15.7478243407508,15.4853350172401,TRUE,TRUE,TRUE,TRUE
5,1,9,3,110,1509,TRUE,FALSE,FALSE,2.98155,17.41145117038,2.57556279773446,10.4140489876892,2.47449922858798,2.18536577469377,1.13230437542417,1.33793282381543,NA,NA,NA,NA,5.94825488197423,6.17442353256105,16.787277143863,16.4779688763323,TRUE,TRUE,TRUE,TRUE
5,1,9,4,140,1509,TRUE,FALSE,FALSE,2.53008,12.2300335520281,2.40167132163601,10.3993665902019,2.34458727774662,2.0448503785706,1.14658133539606,1.43532285899533,NA,NA,NA,NA,5.35438741574886,5.73850373843362,16.0302946162386,15.7987130127622,TRUE,TRUE,TRUE,TRUE
5,1,9,5,170,1509,TRUE,FALSE,FALSE,2.813745,13.7668607772635,2.43986299030753,10.4425767814921,2.31600865268811,2.02373805164616,1.14442116201957,1.32273823590369,NA,NA,NA,NA,5.38987687342799,5.45672300032381,16.0933205784178,15.9098026951859,TRUE,TRUE,TRUE,TRUE
5,1,10,1,50,1510,TRUE,FALSE,FALSE,4.36675,8.22435037692954,3.5703009212627,12.1260497697311,1.26344605342589,1.16776799760788,1.08193241809504,0.868018140400829,NA,NA,NA,NA,4.01274595729413,4.07997274683184,16.6369323782433,16.6804112040228,TRUE,TRUE,TRUE,TRUE
5,1,10,2,80,1510,TRUE,FALSE,FALSE,4.258755,9.59632929247784,3.88606025684837,12.2322219990716,1.53503439878627,1.29655397013428,1.18393405453634,0.871810142570882,NA,NA,NA,NA,4.61038336694389,4.71981489927195,18.19745816909,18.2238701713111,TRUE,TRUE,TRUE,TRUE
5,1,10,3,110,1510,TRUE,FALSE,FALSE,4.36157,10.4261889777232,4.23492608956205,12.3179299668381,1.59929385522004,1.33553454237751,1.19749344136992,0.994249388595505,NA,NA,NA,NA,5.09851768834186,5.22215400692025,19.0908212391858,19.0918871845605,TRUE,TRUE,TRUE,TRUE
5,1,10,4,140,1510,TRUE,FALSE,FALSE,4.644275,11.3132797274893,3.8198171960291,12.4602919768566,1.54673615749796,1.3350833182647,1.15853155854599,1.06034746765428,NA,NA,NA,NA,4.66879910478454,4.71176259795129,18.3685413489873,18.4126379176741,TRUE,TRUE,TRUE,TRUE
5,1,10,5,170,1510,TRUE,FALSE,FALSE,4.238435,11.2999070347999,4.09873270356546,11.2312863125869,1.55867510238413,1.42419648069744,1.09442420586578,0.947338840463272,NA,NA,NA,NA,5.28733260760858,5.35630294505199,17.619878928962,17.620620877788,TRUE,TRUE,TRUE,TRUE
5,2,1,1,50,2501,TRUE,TRUE,FALSE,4.574255,7.27549190663108,2.50652911373724,11.0571392268238,1.3531753698948,1.05949879135209,1.27718443941586,1.21018854940582,0.206980897800912,0.622285802858957,0.257033705882669,0.692414117344354,1.48252810819945,2.0980737802631,14.4489126874572,14.3524478864646,TRUE,TRUE,TRUE,TRUE
5,2,1,2,80,2501,TRUE,TRUE,FALSE,4.68243,5.93468756321388,6.53687678228246,11.0927008010439,0.429216690259667,0.951828128159411,0.450939279436573,0.483839968857097,0.36938256457755,0.578816085456672,0.300100097267314,0.644702890042368,1.36729621757793,2.9587852933532,13.8984374181704,13.693638883318,FALSE,FALSE,FALSE,TRUE
5,2,1,3,110,2501,TRUE,TRUE,FALSE,4.80877,6.10854172341354,2.60912705524265,11.2386721943221,1.11498961787402,0.945415397392295,1.17936477547272,1.1427004359451,0.236414224430689,0.628268298156591,0.221951969284444,0.725945447308088,1.99017216576676,2.38145684496096,14.1478217726319,14.0528710371897,TRUE,TRUE,TRUE,TRUE
5,2,1,4,140,2501,TRUE,TRUE,FALSE,4.83326,6.62005299442349,2.39096052789122,11.2165393365636,1.13896210847439,0.984931666444663,1.15638693249222,1.13509637069995,0.204146002639669,0.649742423509941,0.128225848632815,0.815758921884982,1.63752682297835,2.44088888043397,13.9397527806897,13.8445833083976,TRUE,TRUE,TRUE,TRUE
5,2,1,5,170,2501,TRUE,TRUE,FALSE,4.849375,6.96398807042832,2.36649145813517,11.2474139409038,1.08382806906493,1.01001773763274,1.07307825267028,1.05870171482932,0.149565118729234,0.69670377422451,0.17061304092794,0.771963601746499,1.81108428630001,2.26200885089545,13.8122838084331,13.7315457532165,TRUE,TRUE,TRUE,TRUE
5,2,2,1,50,2502,TRUE,TRUE,FALSE,3.947755,15.9875508455512,0.570398398528888,9.81210919655149,1.48154076971678,1.73301334729364,0.854892878944313,0.802481676256256,-0.0203602011036945,0.638135695074412,0.040704999828319,0.792120241650545,1.71643821070393,2.20668111934088,10.6571776789532,10.6395981146666,TRUE,TRUE,FALSE,TRUE
5,2,2,2,80,2502,TRUE,TRUE,FALSE,3.78486,11.143647116343,4.27353631836335,9.94104377079873,0.342880915654748,1.50698428632297,0.227527863937701,0.289380965008852,0.16089690500901,0.778570875344074,0.13129767737261,0.80929437485202,1.76626064948871,3.06852634059039,11.406357816723,11.2148392857164,FALSE,FALSE,TRUE,TRUE
5,2,2,3,110,2502,TRUE,TRUE,FALSE,4.207355,12.1559713585672,2.61485811192804,9.91415294075308,0.633521439173128,1.47677226560225,0.428990612790774,0.51302148498994,0.184534275266462,0.719583147703102,0.114613035899966,0.823744947576756,2.19053275568421,3.20870146855984,11.5707216150553,11.163345170179,FALSE,TRUE,TRUE,TRUE
5,2,2,4,140,2502,TRUE,TRUE,FALSE,4.64403,13.236687430814,1.70419201902317,9.9142016901444,0.933051590758702,1.44645819688375,0.645059492745016,0.79886768303641,0.216488574698956,0.668446109835212,0.153731553322921,0.777512001935874,1.88801541524415,2.49009290926703,11.5043007644523,11.4322523629093,TRUE,TRUE,TRUE,TRUE
5,2,2,5,170,2502,TRUE,TRUE,FALSE,4.560515,13.7271486674449,2.3361381822695,9.93633463878327,1.10780522973692,1.49664175671,0.740193987485797,1.11933125108538,0.239064099206512,0.689163947730877,0.183515386340685,0.745021116327551,4.72192737140172,5.51095299307372,12.5243207344895,12.4260674080363,TRUE,TRUE,TRUE,TRUE
5,2,3,1,50,2503,TRUE,TRUE,FALSE,4.2355,7.92627199211958,4.96866705525056,11.4176690238309,1.50630532445526,1.17312495448171,1.28401098169525,1.0813446125329,0.0488578562489022,0.902416499419074,0.141720766310425,0.755958849953009,2.34405890399663,3.89240153620824,18.9019986646002,18.3790845663353,TRUE,TRUE,FALSE,TRUE
5,2,3,2,80,2503,TRUE,TRUE,FALSE,4.64011,9.38245500103897,6.46270567408425,12.0299070528832,0.89815797809653,1.20115205974569,0.747747107295214,0.649970381455497,0.104302478356037,0.859596646844277,0.149344026675676,0.756885198194389,2.52188537371782,4.40457634453402,17.8344377141517,17.6495071778085,TRUE,TRUE,FALSE,TRUE
5,2,3,3,110,2503,TRUE,TRUE,FALSE,4.57648,10.6633269602002,4.52400376296883,10.086968404622,1.5048733609262,1.30404975916975,1.15399995310325,0.865839887850454,0.131938340475666,0.835804627918982,0.153562853677371,0.764316029027562,2.41150076078083,3.23813411603725,16.8950211522437,16.6044907053186,TRUE,TRUE,TRUE,TRUE
5,2,3,4,140,2503,TRUE,TRUE,FALSE,4.44755,11.2563318912484,3.87305069226011,10.1583686877237,1.44202133719337,1.37332110191525,1.05002488870396,0.97768675658136,0.122503819943069,0.836810186149118,0.107395111936547,0.794096273049475,2.33315260993048,2.75596835261629,15.7433904259943,15.6142733134772,TRUE,TRUE,TRUE,TRUE
5,2,3,5,170,2503,TRUE,TRUE,FALSE,4.661935,11.1190809122648,7.01388994461622,9.93964541700296,0.740853322031787,1.32466398598861,0.559276412635978,0.577396207742411,0.095689648226891,0.882070758685412,0.102959491179051,0.803928976372593,1.54683772630044,2.70068979580663,15.1359090828372,14.9098486921641,FALSE,TRUE,FALSE,TRUE
5,2,4,1,50,2504,TRUE,TRUE,FALSE,4.691755,5.04616561623386,2.23341399617466,9.77397579334212,0.779158748657354,0.862050454236178,0.903843556752986,0.749225910305056,0.212031917702483,0.701693257962731,0.0636223912829186,0.84067775541847,1.4954081823103,2.55999592649107,11.5141598478354,11.5324202278353,TRUE,TRUE,TRUE,TRUE
5,2,4,2,80,2504,TRUE,TRUE,FALSE,2.244055,3.29292771230515,1.66881221721994,10.0955704076719,1.39800844156008,1.18135493496879,1.18339408435028,1.2041798080457,0.0901407179021675,0.734298184843784,0.0892226217292886,0.886112212813117,2.47373680820497,3.47012518435537,12.4285839747239,12.4425096151865,TRUE,TRUE,TRUE,TRUE
5,2,4,3,110,2504,TRUE,TRUE,FALSE,2.064045,3.57032291950584,2.49600603756898,10.0130981840608,1.15833629287609,1.28408251215146,0.902073100376793,0.99107017343919,0.145751042878009,0.753652316173961,0.126619076441444,0.850389020457147,2.45525825306502,3.71671464971052,12.9043125646148,12.7909839767859,TRUE,TRUE,TRUE,TRUE
5,2,4,4,140,2504,TRUE,TRUE,FALSE,2.29607,4.27053766221683,2.1708213767976,10.1684457145933,1.26533954087985,1.29642176557788,0.976024604397035,1.08604892389709,0.173133575632834,0.691469293762931,0.110941427890078,0.863638135002222,2.07506447552165,2.80145375869623,12.9152718388426,12.8819137596639,TRUE,TRUE,TRUE,TRUE
5,2,4,5,170,2504,TRUE,TRUE,FALSE,2.66349,5.02905839174827,2.27740147242474,10.0183769032648,1.40494218146884,1.27428016061155,1.10253790720134,1.18343991961178,0.160094447284843,0.724662934352912,0.132848183688944,0.838599213843248,2.38893190809403,3.44856772884846,13.2179942960136,13.1521495980755,TRUE,TRUE,TRUE,TRUE
5,2,5,1,50,2505,TRUE,TRUE,FALSE,1.932,11.1822045853457,2.93353477897152,10.6655185896283,2.82406068960669,2.33158475030322,1.21121940312889,0.964676306857762,-0.0266468280005752,0.782180357284975,0.126567882790221,0.821420010422398,3.93599320736784,6.2773854534548,18.9499988405158,18.1759293104056,TRUE,TRUE,TRUE,TRUE
5,2,5,2,80,2505,TRUE,TRUE,FALSE,1.89452,8.99942786053578,6.77705716900041,10.3356285609111,1.28543029284887,2.14217409278134,0.600058742742004,0.437875554058261,0.0907238543172734,0.789935068690362,0.131983744698513,0.810153567748678,1.86554408489302,4.80208789999885,19.0470631423128,17.9026854998562,TRUE,FALSE,FALSE,TRUE
5,2,5,3,110,2505,TRUE,TRUE,FALSE,2.17679,8.90011082234652,7.84303510199205,9.83483050934204,0.894430757009997,1.95000937261857,0.458680234859031,0.37833712395586,0.111481686898575,0.857441383893731,0.12161256555673,0.825421997550715,3.55598584608513,8.31875064394146,16.8498823328728,16.5826915819785,FALSE,FALSE,FALSE,TRUE
5,2,5,4,140,2505,TRUE,TRUE,FALSE,2.501345,9.46986639106618,3.02775428490002,10.586473079615,2.09040809057976,1.83916250715338,1.13660869142839,0.978635168073038,0.122810651521901,0.759744541190768,0.142779893103427,0.80454178546396,2.73637344597543,5.44773829072217,16.9157151330575,16.5949072318879,TRUE,TRUE,TRUE,TRUE
5,2,5,5,170,2505,TRUE,TRUE,FALSE,2.662895,10.2340266909958,3.00677053438352,10.7567506040347,2.10552479145785,1.83012536472953,1.1504811812545,0.994215306471617,0.11464410382496,0.769121578247089,0.123380024958827,0.815531018829217,3.02125381789432,4.76638112762603,17.0875805064041,16.8890992305832,TRUE,TRUE,TRUE,TRUE
5,2,6,1,50,2506,TRUE,TRUE,FALSE,4.160935,8.90884751788195,2.91951797023082,10.3608321648257,1.17330036626954,1.26362054737321,0.928522703044496,0.974512811242556,0.184635047814988,0.660052214539603,0.307433494670958,0.606879504862256,3.3894111439885,4.11720827790055,13.786303668628,13.6055956981759,TRUE,TRUE,TRUE,TRUE
5,2,6,2,80,2506,TRUE,TRUE,FALSE,3.2098,8.28894159738955,3.47711575228534,10.1728714826116,1.12660576693364,1.45136262047758,0.776240031979693,0.764883976071976,0.208765010467275,0.699497329561029,0.321067441755539,0.620311175224766,1.98448383713787,3.58051396191087,14.090210141432,13.7276043109419,TRUE,TRUE,TRUE,TRUE
5,2,6,3,110,2506,TRUE,TRUE,FALSE,2.845575,8.60299477744133,1.79134743150767,10.5206241806136,1.97433486674103,1.59541923787051,1.23750223131086,1.21240593140745,0.198571445426774,0.645517640297882,0.193832844905134,0.750589398891923,2.01309798566253,2.8119209182963,14.0573438730862,13.9458065074651,TRUE,TRUE,TRUE,TRUE
5,2,6,4,140,2506,TRUE,TRUE,FALSE,3.36422,9.86315278404979,2.07584347271119,10.6474722234038,1.47809803586338,1.53874150986587,0.96058891398349,1.03091047685777,0.204731192956056,0.66992275388894,0.209030155766296,0.730819393136964,2.06227006463919,2.88278556522233,13.7157723831781,13.6004843755329,TRUE,TRUE,TRUE,TRUE
5,2,6,5,170,2506,TRUE,TRUE,FALSE,2.219975,4.79988758106209,2.66948149575087,10.5402792291066,1.26530327750178,1.40943107591225,0.89774044231487,0.838457649672197,0.263686995093934,0.65063038991541,0.209639240621333,0.758191331006867,1.53962478411035,2.56713832914784,13.9179829149105,13.8103827712451,TRUE,TRUE,TRUE,TRUE
5,2,7,1,50,2507,TRUE,TRUE,FALSE,4.62182,7.6730738551584,3.06623634035855,11.0438063184842,1.41419966048212,1.07451911989917,1.31612330976002,0.906470932957668,0.0608717877873583,0.811163851139771,0.119392683678022,0.731345209928154,2.36570343357495,3.34931084738596,15.3800767099772,15.2441576933529,TRUE,TRUE,TRUE,TRUE
5,2,7,2,80,2507,TRUE,TRUE,FALSE,4.59728,9.07105137642391,2.53895316770768,10.9922362552773,1.59672520388786,1.19351786181288,1.33783100779282,0.900078345106521,0.0963134699255323,0.786597956717757,0.176075742184792,0.735284787107765,1.71523312830857,2.65475786246579,15.046246769647,15.0295446933414,TRUE,TRUE,TRUE,TRUE
5,2,7,3,110,2507,TRUE,TRUE,FALSE,4.71289,8.36050879372551,2.5788583453863,10.0836240928194,1.7110768746225,1.13094944671985,1.51295610921003,0.957562210268625,0.115022051807333,0.794743869358001,0.161417689438827,0.769039471180991,1.24043894747465,2.04201048331928,14.4962489705372,14.472659058531,FALSE,TRUE,TRUE,TRUE
5,2,7,4,140,2507,TRUE,TRUE,FALSE,4.802235,7.96476091199937,2.70284855249929,10.4100748545176,1.41339770544617,1.08955142475679,1.29722900023895,0.963552043660744,0.104041905064319,0.785264171241579,0.179110265111013,0.74251708594298,1.55015299361301,2.40391603778467,14.2302747967886,14.1672654507057,TRUE,TRUE,TRUE,TRUE
5,2,7,5,170,2507,TRUE,TRUE,FALSE,4.78028,7.13446917808486,2.50619701689765,10.25350520515,1.47249286517215,1.04168917795734,1.41356260229138,1.05743390318432,0.129418547508005,0.759785592737895,0.183841327563332,0.752272862022209,1.49863583601346,2.35708312091153,13.9438624312476,13.9081828575606,FALSE,TRUE,TRUE,TRUE
5,2,8,1,50,2508,TRUE,TRUE,FALSE,3.35092,14.5778147692093,3.63042358485394,9.89476025289961,1.33028049363055,1.85051901582563,0.718868859089801,0.568261924468899,0.0699129548488168,0.815281762472848,0.153807029107649,0.733672714481968,2.76707782847006,5.78193185380955,14.7242419314471,14.5199437156009,TRUE,TRUE,TRUE,TRUE
5,2,8,2,80,2508,TRUE,TRUE,FALSE,3.513095,12.6017461586971,5.42745783341153,9.59041927283034,1.38413800654981,1.68221369423144,0.822807477608952,0.618182460065283,0.0760148757255717,0.889119850876003,0.12781963134956,0.793908711584578,2.79819289757585,6.11105207338317,17.1027699390017,17.1137479800627,TRUE,TRUE,FALSE,TRUE
5,2,8,3,110,2508,TRUE,TRUE,FALSE,3.469275,9.99610241853793,12.6594999712127,8.88264586345566,0.756977522769537,1.51914581299473,0.498291550616389,0.304267904035835,0.226498291098796,0.763442825966756,0.155035000117079,0.788506317712756,2.61111368856648,5.45530419791424,18.4656027911653,18.5296705999227,FALSE,FALSE,FALSE,TRUE
5,2,8,4,140,2508,TRUE,TRUE,FALSE,3.84098,10.3476007524214,8.31215677202403,9.29594719713999,1.0609325096284,1.45480763825043,0.729259650371576,0.476731474837435,0.0891516718517795,0.894787839448139,0.163579262998857,0.776068938945102,3.12581074846428,5.55363110867421,18.1145845417082,18.0484654332149,TRUE,FALSE,FALSE,TRUE
5,2,8,5,170,2508,TRUE,TRUE,FALSE,4.081455,10.2191765597046,8.64300471021994,9.23093363847034,0.984518084167566,1.39599698047561,0.705243706066,0.452163381824297,0.123522968998766,0.861703832126275,0.141794902798155,0.79584182427035,1.99754952539472,4.25830749526201,17.7401280772273,17.6926233155583,TRUE,FALSE,FALSE,TRUE
5,2,9,1,50,2509,TRUE,TRUE,FALSE,2.569255,11.5758377906992,3.10917449943345,10.2479585978249,1.23333242022066,1.96108874678724,0.628901890463229,1.33456218561739,0.0882247528052923,0.755397286867437,0.00926346892299493,0.833247262519614,4.25271172734976,11.0255976361809,14.0826043080995,13.4169311481968,TRUE,TRUE,TRUE,TRUE
5,2,9,2,80,2509,TRUE,TRUE,FALSE,2.690485,14.3474726758567,2.55990226291621,10.1601750640122,2.24423491970096,2.12297325282948,1.05711879163332,1.47030085377522,0.0586598499806008,0.826807050349324,0.00712725994460343,0.839187702986489,4.92972133504475,6.56318396571465,15.9051971134703,15.4853350172401,TRUE,TRUE,TRUE,TRUE
5,2,9,3,110,2509,TRUE,TRUE,FALSE,3.04233,17.9236508315369,3.21471393305399,9.99361364958017,2.46314583593511,2.19046144028694,1.12448719280466,1.26425210067858,0.0968927540356438,0.824301440071839,0.0246650514090541,0.835116302406509,3.03904379750525,5.27866086200533,17.9119228875047,16.4779688763323,TRUE,TRUE,TRUE,TRUE
5,2,9,4,140,2509,TRUE,TRUE,FALSE,2.511435,12.1856557441025,2.22073889806733,10.2901737169264,2.61993731042198,2.049095947802,1.27858205626355,1.57336026608573,0.080976836219423,0.804942156979223,0.0968787693897935,0.828057152326598,2.25777231430388,3.77436470302361,16.1083704126783,15.7987130127622,TRUE,TRUE,TRUE,TRUE
5,2,9,5,170,2509,TRUE,TRUE,FALSE,2.83229,13.8599637378738,2.75618720423986,10.20203236076,2.22404223714365,2.02156430891613,1.10015903393946,1.22281051416304,0.0972851291041356,0.822976525192153,0.108283225423916,0.804086387625566,4.5565000648972,6.40422363722602,16.3319091164643,15.9098026951859,TRUE,TRUE,TRUE,TRUE
5,2,10,1,50,2510,TRUE,TRUE,FALSE,4.413475,8.61637681269218,2.57684618172402,11.7177824225564,1.96043347127957,1.18487528549049,1.65454836917121,1.22341874399237,0.0873960169340802,0.7935105406658,-0.113180919361006,0.768272808025662,2.03113267981161,3.27657514120523,16.7695179275471,16.6804112040228,FALSE,TRUE,TRUE,TRUE
5,2,10,2,80,2510,TRUE,TRUE,FALSE,4.323495,10.0381753919435,3.02692031778458,11.4294807058741,2.3093275312763,1.31300407230507,1.75881216211471,1.14064661683695,0.112689040819377,0.814037329509127,0.0299555176438174,0.868025527651789,2.90178683238805,4.30612379601898,18.4196311307137,18.2238701713111,FALSE,TRUE,TRUE,TRUE
5,2,10,3,110,2510,TRUE,TRUE,FALSE,4.439295,10.4630392805285,13.8808918350681,10.5693810523654,0.614779062409754,1.32238429871076,0.464901967611931,0.3078096048636,0.319756319118898,0.667777858274876,0.049299404643831,0.858091869758188,3.0545581603511,5.95707874504203,19.1030627201398,19.0918871845605,FALSE,FALSE,FALSE,TRUE
5,2,10,4,140,2510,TRUE,TRUE,FALSE,4.682265,11.3155262994528,5.70994555222172,11.3486999389502,1.24069499949982,1.32677021800556,0.935124245828246,0.723305616206097,0.158439696080776,0.807879947769302,0.0798682180697485,0.82085106721462,2.43919508992293,4.09912563794189,18.4330008330079,18.4126379176741,TRUE,TRUE,FALSE,TRUE
5,2,10,5,170,2510,TRUE,TRUE,FALSE,4.274445,11.3034362477945,5.62354984161566,10.284181622691,1.30889965535138,1.41637474028755,0.924119597816074,0.7027846736685,0.139660402703968,0.826399904444279,0.09611176898125,0.819989557724849,2.70546524929989,4.17311146080164,17.6448440722331,17.620620877788,TRUE,TRUE,FALSE,TRUE
5,4,1,1,50,4501,TRUE,FALSE,TRUE,4.57,7.14629495294431,4.22806598863196,11.3043366930783,0.745255667019216,1.0498954622432,0.709837973227266,0.730718722044067,0.667901478915318,NA,0.914375591475301,NA,1.74591495316512,3.69601301879545,14.4553268316375,14.3524478864646,TRUE,TRUE,TRUE,TRUE
5,4,1,2,80,4501,TRUE,FALSE,TRUE,4.66691,5.90101439759517,5.82768064111234,11.2787847291142,0.457327593643378,0.95007728159856,0.48135830895135,0.555234164786884,0.813894271940219,NA,0.896882774438111,NA,1.68567453643814,4.76376551272739,13.9439438932362,13.693638883318,FALSE,TRUE,FALSE,TRUE
5,4,1,3,110,4501,TRUE,FALSE,TRUE,4.813385,6.07002941131458,3.16440174443553,11.3423550547517,0.882345138648833,0.941856516512863,0.936814815398459,0.94356460590912,0.667688900000507,NA,0.865956906316998,NA,1.89580952490796,2.90083126317322,14.1344495506863,14.0528710371897,TRUE,TRUE,TRUE,TRUE
5,4,1,4,140,4501,TRUE,FALSE,TRUE,4.826125,6.55786949050253,2.55848909673445,11.3374352637917,1.00679971516774,0.982063544411617,1.02518795336298,1.05616327683903,0.56254114680655,NA,0.746757045285764,NA,2.19196598922808,2.67294563225369,13.9133213576437,13.8445833083976,TRUE,TRUE,TRUE,TRUE
5,4,1,5,170,4501,TRUE,FALSE,TRUE,4.84605,6.94656111451435,2.39534214284198,11.3198907271317,1.03655513618226,1.01000634102943,1.02628577076632,1.04378114593398,0.476797101637473,NA,0.77276491040752,NA,1.88690729680931,2.46629958562324,13.8027949282084,13.7315457532165,TRUE,TRUE,TRUE,TRUE
5,4,2,1,50,4502,TRUE,FALSE,TRUE,3.857105,15.5833506033137,0.425297768600198,9.85497447041357,1.71113411714213,1.73698816136609,0.985115589847413,0.841241127205971,-0.306292809954778,NA,-0.20136245810131,NA,2.5643246910738,2.5643246910738,10.5827159922098,10.6395981146666,TRUE,TRUE,FALSE,TRUE
5,4,2,2,80,4502,TRUE,FALSE,TRUE,3.721375,11.0246985970703,7.24991168952397,9.95989234348235,0.221375811659913,1.51340203556166,0.146276935313989,0.182433044982443,0.898180765901036,NA,0.729649769332156,NA,1.89587326731846,8.40533820946834,11.5648474282134,11.2148392857164,FALSE,FALSE,FALSE,TRUE
5,4,2,3,110,4502,TRUE,FALSE,TRUE,4.18612,12.1634559409763,1.32470564540508,9.86380534992819,1.00386086311586,1.48094301978941,0.677852455969984,0.764201845542767,0.63363182055937,NA,0.727742837714999,NA,2.60753448405058,2.74727379377136,11.193625502499,11.163345170179,TRUE,TRUE,TRUE,TRUE
5,4,2,4,140,4502,TRUE,FALSE,TRUE,4.618495,13.1971884814112,1.56955198441231,9.90611916451598,0.983323849787952,1.44913175071936,0.678560696292677,0.824367133558705,0.743218738744573,NA,0.715414581120213,NA,1.88795451811499,2.75427017075445,11.4494970642706,11.4322523629093,TRUE,TRUE,TRUE,TRUE
5,4,2,5,170,4502,TRUE,FALSE,TRUE,4.5593,13.6980047051176,3.01323985781238,10.0252705871538,0.813392948876273,1.49484663998876,0.544131369143252,0.850899903068124,0.850199422892791,NA,0.75864799808396,NA,5.19116007510311,5.58769621085019,12.4762186407713,12.4260674080363,FALSE,TRUE,TRUE,TRUE
5,4,3,1,50,4503,TRUE,FALSE,TRUE,4.2609,7.91132845341401,3.96229855015317,13.1728941325164,1.36230028527985,1.16836625061612,1.16598736445995,1.26290863563943,0.362784323440535,NA,0.675729223480256,NA,3.13207949401884,4.30513103594948,18.570734577754,18.3790845663353,TRUE,TRUE,TRUE,TRUE
5,4,3,2,80,4503,TRUE,FALSE,TRUE,4.6204,9.44766483195787,3.39968002372458,13.64530371691,1.2264538936301,1.20921700330435,1.01425458811664,1.21488530680654,0.342643702447195,NA,0.658013292815304,NA,3.53959353872671,3.99369215169623,17.8148545191035,17.6495071778085,TRUE,TRUE,TRUE,TRUE
5,4,3,3,110,4503,TRUE,FALSE,TRUE,4.588485,10.6965611855641,4.62143820379829,9.81040977533147,1.53859913613087,1.30431094505809,1.17962602549682,0.852922949265984,0.805742985810904,NA,0.699647701308187,NA,2.85464851919423,5.52898852671912,16.9209506033777,16.6044907053186,TRUE,TRUE,TRUE,TRUE
5,4,3,4,140,4503,TRUE,FALSE,TRUE,4.444825,11.146179642765,4.94402065047405,10.0563214316344,1.15143554807646,1.36770646938802,0.841873292148474,0.767995650017179,0.816380541767556,NA,0.621756805620194,NA,2.24477212337155,5.93563073051187,15.7490425590143,15.6142733134772,TRUE,TRUE,FALSE,TRUE
5,4,3,5,170,4503,TRUE,FALSE,TRUE,4.65294,11.2187323802995,4.02390647111432,10.1333815209259,1.2085200582132,1.3320625767884,0.907254718563551,0.968376145151541,0.727798302132568,NA,0.601570893240606,NA,2.38446954179226,4.91178159277046,14.9963532036414,14.9098486921641,TRUE,TRUE,TRUE,TRUE
5,4,4,1,50,4504,TRUE,FALSE,TRUE,4.669185,5.04465579620712,1.59339592452831,10.1271425025498,0.865894509229278,0.866115194575968,0.999745200929309,1.00976374248476,0.549017070226475,NA,0.698216457147719,NA,2.58293106459977,2.58293106459977,11.5068552846272,11.5324202278353,TRUE,TRUE,TRUE,TRUE
5,4,4,2,80,4504,TRUE,FALSE,TRUE,2.206275,3.22368592195656,1.6242083853055,10.1924156973611,1.35671345798365,1.18032000093375,1.14944545285208,1.22987920874624,0.323526719854139,NA,0.813150463834963,NA,3.46601449799861,3.5633947689508,12.396001072275,12.4425096151865,TRUE,TRUE,TRUE,TRUE
5,4,4,3,110,4504,TRUE,FALSE,TRUE,2.045685,3.53591500758173,2.15676015390052,10.1111645556281,1.22122833510808,1.28553499764584,0.949976731356576,1.07952258487486,0.600349221552415,NA,0.865299621989441,NA,3.1487767094875,3.42431862949938,12.7450611676035,12.7909839767859,TRUE,TRUE,TRUE,TRUE
5,4,4,4,140,4504,TRUE,FALSE,TRUE,2.290485,4.26430482011646,2.15484120790491,10.1666282498791,1.27244152029115,1.2977029952964,0.980533700625792,1.09219220594879,0.638512642519203,NA,0.868395368335295,NA,2.33816625679995,3.29431960514217,12.9085376724516,12.8819137596639,TRUE,TRUE,TRUE,TRUE
5,4,4,5,170,4504,TRUE,FALSE,TRUE,2.64279,4.97524360776642,2.27228900623677,10.1401887545142,1.31603714757488,1.27371418634118,1.03322798920477,1.14938062541949,0.59993581683442,NA,0.867233286334189,NA,3.12100889540531,3.33029300365785,13.1306054967478,13.1521495980755,TRUE,TRUE,TRUE,TRUE
5,4,5,1,50,4505,TRUE,FALSE,TRUE,1.94212,11.1768764876995,2.77314380292444,11.7004851194435,2.39059235815011,2.32492300665826,1.02824581773409,0.929983714573961,-0.14815180534547,NA,0.782393484698729,NA,4.7668822232716,8.73898696327608,18.329941502766,18.1759293104056,TRUE,TRUE,TRUE,TRUE
5,4,5,2,80,4505,TRUE,FALSE,TRUE,1.89435,9.11059383898461,2.68993478706576,11.8763512219573,2.27732537337958,2.15546689552587,1.05653460886207,0.944648892724396,-0.108817087391498,NA,0.750527002037423,NA,3.28336966020387,7.33154424472943,18.0022079652785,17.9026854998562,TRUE,TRUE,TRUE,TRUE
5,4,5,3,110,4505,TRUE,FALSE,TRUE,2.167325,9.00335908356537,2.49020673422636,11.0336003077982,2.2586756311801,1.96709676777116,1.14822802222349,1.14415096796625,0.313353955615627,NA,0.77350842474158,NA,4.94704156414755,5.97181087017307,16.6581695749959,16.5826915819785,TRUE,TRUE,TRUE,TRUE
5,4,5,4,140,4505,TRUE,FALSE,TRUE,2.49186,9.44678601339714,2.66796967091193,11.1404534731719,2.09236131205319,1.84078840994662,1.13666584423674,1.07137286307894,0.417608649813148,NA,0.776980808060579,NA,5.43750455741645,5.43750455741645,16.7228099943193,16.5949072318879,TRUE,TRUE,TRUE,TRUE
5,4,5,5,170,4505,TRUE,FALSE,TRUE,2.644485,10.1386180959216,2.9122388785177,11.2119669391838,1.98509982056398,1.82956586792092,1.08501139826127,1.01281322956189,0.378581734044783,NA,0.698356104705808,NA,4.37512697377718,5.56632801204651,16.9930518143688,16.8890992305832,TRUE,TRUE,TRUE,TRUE
5,4,6,1,50,4506,TRUE,FALSE,TRUE,4.180855,8.93459114811083,2.79007459687853,10.3981716318005,1.18266321334913,1.26234387553378,0.936878798456592,0.989935793876456,0.536339753598624,NA,0.822107062645563,NA,3.54437217662284,3.84442036129408,13.6978902200286,13.6055956981759,TRUE,TRUE,TRUE,TRUE
5,4,6,2,80,4506,TRUE,FALSE,TRUE,3.226665,8.40083084454401,2.17732087653275,10.5776320772857,1.46555062215084,1.45744791683605,1.0055595162072,1.08291155310396,0.556552057344077,NA,0.88035885913313,NA,2.6180678426752,3.44098500964261,13.7686060425103,13.7276043109419,TRUE,TRUE,TRUE,TRUE
5,4,6,3,110,4506,TRUE,FALSE,TRUE,2.841795,8.52218471659642,2.01003503767592,10.7168451685924,1.62744713402172,1.58869223670573,1.0243942133162,1.06568906503191,0.565411174965975,NA,0.846487485986097,NA,2.35885552469455,3.60239570130067,13.9880709299414,13.9458065074651,TRUE,TRUE,TRUE,TRUE
5,4,6,4,140,4506,TRUE,FALSE,TRUE,3.369085,9.91543750242427,1.85702416800078,10.7564403183254,1.5611612132614,1.54083095095574,1.0131943496417,1.12653520323564,0.591126710549329,NA,0.813197534795005,NA,2.29775861088521,3.17850133843661,13.6555544214972,13.6004843755329,TRUE,TRUE,TRUE,TRUE
5,4,6,5,170,4506,TRUE,FALSE,TRUE,2.229275,4.83494447449723,2.80495097422848,10.762522922141,1.11286642932042,1.41076218268497,0.78884055936516,0.786194847153393,0.754560838818987,NA,0.888384039793877,NA,1.97049201451456,3.80966516852537,13.8840586972495,13.8103827712451,TRUE,TRUE,TRUE,TRUE
5,4,7,1,50,4507,TRUE,FALSE,TRUE,4.608605,7.59920097985087,2.60288479182565,12.0816926777291,1.19165969092153,1.07298341062455,1.11060402157374,1.01032411965844,0.24540654107438,NA,0.507043190927207,NA,3.02741303839042,3.02741303839042,15.1834455642604,15.2441576933529,TRUE,TRUE,TRUE,TRUE
5,4,7,2,80,4507,TRUE,FALSE,TRUE,4.598645,9.04546750793206,2.49802447175854,11.6209753756445,1.33607271945141,1.19208453461452,1.12078689107686,0.896730088548246,0.435548562744146,NA,0.722097425950022,NA,2.17821265550849,3.0426296458006,14.9585177248831,15.0295446933414,TRUE,TRUE,TRUE,TRUE
5,4,7,3,110,4507,TRUE,FALSE,TRUE,4.7186,8.28566364486556,2.71898899936926,10.7162657348705,1.37098424815038,1.12485370314616,1.2188111612344,0.901660943031746,0.586622313734105,NA,0.750581573582978,NA,1.67496665578119,3.06468411248154,14.4439568238999,14.472659058531,TRUE,TRUE,TRUE,TRUE
5,4,7,4,140,4507,TRUE,FALSE,TRUE,4.8014,7.94916427400185,2.55649145628118,10.8674259575685,1.28176049943899,1.08849782708497,1.17754989265489,0.996816439820905,0.450968865801578,NA,0.741659984662934,NA,1.94024012250778,2.76745140261166,14.1442357233829,14.1672654507057,TRUE,TRUE,TRUE,TRUE
5,4,7,5,170,4507,TRUE,FALSE,TRUE,4.79282,7.10913277338602,2.83401906696673,10.6863237813299,1.14229203120047,1.03773500942695,1.10075502977514,0.931317504013776,0.568885492544689,NA,0.805489804620557,NA,2.28832676475841,2.83321971251173,13.9236011777961,13.9081828575606,TRUE,TRUE,TRUE,TRUE
5,4,8,1,50,4508,TRUE,FALSE,TRUE,3.28227,14.3169743232671,2.345033382554,10.2150296256461,1.78055228202059,1.85649808659431,0.95909190258685,0.802015316590002,0.146431922938355,NA,0.598977200676742,NA,3.84807721944973,4.7437213501222,14.3904841663671,14.5199437156009,TRUE,TRUE,TRUE,TRUE
5,4,8,2,80,4508,TRUE,FALSE,TRUE,3.47322,12.5201686538564,5.22677939750915,9.33206100245269,1.55397374202927,1.68666019996428,0.92133183794945,0.667553480696625,0.79929267188064,NA,0.65428272405386,NA,4.8340592452702,9.45570856494475,17.4543389415615,17.1137479800627,TRUE,TRUE,FALSE,TRUE
5,4,8,3,110,4508,TRUE,FALSE,TRUE,3.487335,10.1688444207058,7.65757818787602,8.34746052918616,1.32460544101286,1.52748658569205,0.86717975360335,0.501738231995618,0.919195813812699,NA,0.784133189839184,NA,3.55034125826519,9.9455966812562,18.4907302618281,18.5296705999227,TRUE,TRUE,FALSE,TRUE
5,4,8,4,140,4508,TRUE,FALSE,TRUE,3.82156,10.4168288519688,5.80652826206768,8.45809515808629,1.66630760878637,1.4632528040335,1.13876946225091,0.682176062668112,0.882803530602217,NA,0.806850419802552,NA,3.22196577958163,7.62939054726398,18.1335573818028,18.0484654332149,TRUE,TRUE,FALSE,TRUE
5,4,8,5,170,4508,TRUE,FALSE,TRUE,4.082775,10.2321522204673,10.229519699971,7.81475301943085,0.968042517473572,1.39597802597625,0.69345111417251,0.381021336814174,0.929015213238478,NA,0.772630318763693,NA,4.01177587475141,10.7695149646902,17.7173630223363,17.6926233155583,TRUE,FALSE,FALSE,TRUE
5,4,9,1,50,4509,TRUE,FALSE,TRUE,2.529395,11.4230171122259,1.63284862829544,10.1149962318457,2.14344150251322,1.97260778806547,1.08660298082635,2.20840329162971,0.000712154123897906,NA,-0.0323270821311875,NA,4.42225925078562,4.645189868697,13.6149117490559,13.4169311481968,TRUE,TRUE,TRUE,TRUE
5,4,9,2,80,4509,TRUE,FALSE,TRUE,2.660775,14.1860094456559,2.22205297297394,10.2298664588246,2.48828116520609,2.12674692809066,1.16999400932014,1.63742716428249,0.297601922402591,NA,-0.000953052040513052,NA,5.40455581916292,5.55705619756397,15.7589590195659,15.4853350172401,TRUE,TRUE,TRUE,TRUE
5,4,9,3,110,4509,TRUE,FALSE,TRUE,2.97206,17.3619585081172,2.57398377441082,10.2863751372822,2.54136418580957,2.18513234023141,1.1630252955482,1.34674150993646,0.47592609903031,NA,0.18768008400468,NA,5.39465980929295,6.12598512182076,16.8278053164248,16.4779688763323,TRUE,TRUE,TRUE,TRUE
5,4,9,4,140,4509,TRUE,FALSE,TRUE,2.49289,12.0933636183073,2.17253388087417,10.2511208368876,2.66483904745222,2.05079809837703,1.29941560291144,1.58320788288559,0.445743021153474,NA,0.576748955830975,NA,3.6598485520651,5.33685065566428,16.040573954554,15.7987130127622,TRUE,TRUE,TRUE,TRUE
5,4,9,5,170,4509,TRUE,FALSE,TRUE,2.80161,13.7238374979005,2.42146552218837,10.2992361004846,2.40476060972511,2.02550258987728,1.1872414391091,1.33623734691428,0.497453029459185,NA,0.574244980438612,NA,5.88021460880754,5.93076127829796,16.1222810060506,15.9098026951859,TRUE,TRUE,TRUE,TRUE
5,4,10,1,50,4510,TRUE,FALSE,TRUE,4.412585,8.33422232401525,3.30412251083673,11.8504081725398,1.45182426290052,1.16789763120094,1.24310917679285,0.939044343502945,0.461351652766991,NA,-0.514371501444501,NA,3.05463326334751,3.93670788185767,16.6474134013683,16.6804112040228,TRUE,TRUE,TRUE,TRUE
5,4,10,2,80,4510,TRUE,FALSE,TRUE,4.278185,9.70830556652314,3.85987304511567,11.290344176133,1.81329527884489,1.29940540282472,1.39548079060088,0.888979648030874,0.732185443368551,NA,0.394636215424715,NA,4.17615177624067,4.95794026937112,18.289433745782,18.2238701713111,TRUE,TRUE,TRUE,TRUE
5,4,10,3,110,4510,TRUE,FALSE,TRUE,4.43372,10.4423703376865,13.6302441681234,9.16750869738732,0.729380611773038,1.32239505433163,0.551560299158624,0.312500054588718,0.951850757350521,NA,0.51718677280853,NA,3.89675029591137,12.0659176054729,19.1091445273491,19.0918871845605,FALSE,FALSE,FALSE,TRUE
5,4,10,4,140,4510,TRUE,FALSE,TRUE,4.676835,11.2404542038089,9.2336998453083,10.2566996229442,0.981180545155199,1.323528238928,0.74133706882591,0.512565484969258,0.901628392607892,NA,0.562776099958572,NA,3.60709803370763,8.765384192312,19.3166262709632,18.4126379176741,TRUE,TRUE,FALSE,TRUE
5,4,10,5,170,4510,TRUE,FALSE,TRUE,4.32456,11.467809540191,5.81456476205133,10.313668177267,1.30794878932898,1.41651796432435,0.923354890139249,0.708315631832032,0.789317198150804,NA,0.607429227341846,NA,3.17119828862626,7.15643695407331,17.918821118267,17.620620877788,TRUE,TRUE,FALSE,TRUE
